score_threshold,equal_investment,technical_weight,sentiment_weight,min_market_cap,max_market_cap,total_operations,roi,avg_profit_per_op,win_rate
0.35,True,0,1,10000000,1000000000,177,-3.30045197740113,-3.30045197740113,42.9375141242938
0.3,True,0,1,10000000,1000000000,213,-3.24948356807512,-3.24948356807512,42.72220657277
0.2,True,0.2,0.8,10000000,1000000000,261,-3.04854406130268,-3.04854406130268,42.1419923371648
0.35,False,1,0,1000000000,100000000000000,8,-2.4825,-2.915,37.4975
0.35,True,0.2,0.8,10000000,1000000000,104,-2.78096153846154,-2.78096153846154,44.2317307692308
0.3,True,0.2,0.8,10000000,1000000000,146,-2.64972602739726,-2.64972602739726,45.2080136986301
0.2,True,0,1,10000000,1000000000,314,-2.57315286624204,-2.57315286624204,42.3564012738853
0.25,True,0,1,10000000,1000000000,272,-2.49367647058824,-2.49367647058824,43.3848161764706
0.15,True,0.2,0.8,10000000,1000000000,325,-2.46923076923077,-2.46923076923077,43.0734153846154
0.35,True,0.4,0.6,10000000,1000000000,44,-2.42636363636364,-2.42636363636364,54.5484090909091
0.25,True,0.4,0.6,10000000,1000000000,126,-2.41587301587302,-2.41587301587302,44.4452380952381
0.35,False,0.95,0.05,1000000000,100000000000000,7,-1.72428571428571,-2.36857142857143,42.8571428571429
0.3,True,0.4,0.6,10000000,1000000000,77,-2.33766233766234,-2.33766233766234,49.3476623376623
0.15,True,0.4,0.6,10000000,1000000000,276,-2.295,-2.295,43.479347826087
0.25,True,0.2,0.8,10000000,1000000000,196,-2.23408163265306,-2.23408163265306,43.8779591836735
0.3,True,0.6,0.4,10000000,1000000000,27,-2.22777777777778,-2.22777777777778,55.5577777777778
0.35,True,0.85,0.15,1000000000,100000000000000,5,-2.208,-2.208,20
0.35,False,0.95,0.05,100000000,1000000000000,8,-1.14125,-2.07125,50
0.2,True,0.6,0.4,10000000,1000000000,128,-1.977421875,-1.977421875,46.8728125
0.1,True,0.2,0.8,10000000,1000000000,405,-1.94412345679012,-1.94412345679012,43.2106666666667
0.15,True,0,1,10000000,1000000000,382,-1.91068062827225,-1.91068062827225,42.6681413612565
0.35,True,0.85,0.15,100000000,1000000000000,7,-1.74285714285714,-1.74285714285714,28.5714285714286
0.35,False,1,0,100000000,1000000000000,13,-1.33615384615385,-1.72615384615385,53.8469230769231
0.1,True,0.4,0.6,10000000,1000000000,400,-1.699,-1.699,46.2488
-1,True,0,1,10000000,1000000000,1426,-1.64319775596073,-1.64319775596073,44.600350631136
-1,True,0.2,0.8,10000000,1000000000,1426,-1.64319775596073,-1.64319775596073,44.600350631136
-1,True,0.4,0.6,10000000,1000000000,1426,-1.64319775596073,-1.64319775596073,44.600350631136
-1,True,0.6,0.4,10000000,1000000000,1426,-1.64319775596073,-1.64319775596073,44.600350631136
-1,True,0.7,0.3,10000000,1000000000,1426,-1.64319775596073,-1.64319775596073,44.600350631136
-1,True,0.75,0.25,10000000,1000000000,1426,-1.64319775596073,-1.64319775596073,44.600350631136
-1,True,0.8,0.2,10000000,1000000000,1426,-1.64319775596073,-1.64319775596073,44.600350631136
-1,True,0.85,0.15,10000000,1000000000,1426,-1.64319775596073,-1.64319775596073,44.600350631136
-1,True,0.9,0.1,10000000,1000000000,1426,-1.64319775596073,-1.64319775596073,44.600350631136
-1,True,0.95,0.05,10000000,1000000000,1426,-1.64319775596073,-1.64319775596073,44.600350631136
-1,True,1,0,10000000,1000000000,1426,-1.64319775596073,-1.64319775596073,44.600350631136
-0.5,True,0.4,0.6,10000000,1000000000,1426,-1.64319775596073,-1.64319775596073,44.600350631136
-0.5,True,0.6,0.4,10000000,1000000000,1426,-1.64319775596073,-1.64319775596073,44.600350631136
-0.5,True,0.7,0.3,10000000,1000000000,1426,-1.64319775596073,-1.64319775596073,44.600350631136
-0.5,True,0.75,0.25,10000000,1000000000,1426,-1.64319775596073,-1.64319775596073,44.600350631136
-0.5,True,0.8,0.2,10000000,1000000000,1426,-1.64319775596073,-1.64319775596073,44.600350631136
-0.5,True,0.85,0.15,10000000,1000000000,1426,-1.64319775596073,-1.64319775596073,44.600350631136
-0.5,True,0.9,0.1,10000000,1000000000,1425,-1.64202105263158,-1.64202105263158,44.6344
-0.5,True,0.95,0.05,10000000,1000000000,1425,-1.64202105263158,-1.64202105263158,44.6344
-0.5,True,1,0,10000000,1000000000,1425,-1.64202105263158,-1.64202105263158,44.6344
-0.5,True,0,1,10000000,1000000000,1413,-1.62115357395612,-1.62115357395612,44.6542675159236
-0.5,True,0.2,0.8,10000000,1000000000,1420,-1.59583802816901,-1.59583802816901,44.7180070422535
0.35,True,0.9,0.1,1000000000,100000000000000,6,-1.59,-1.59,33.3333333333333
0,True,0,1,10000000,1000000000,1267,-1.54700868192581,-1.54700868192581,44.5963693764799
0.35,True,0.8,0.2,1000000000,100000000000000,6,-1.54,-1.54,33.3333333333333
0.2,True,0.4,0.6,10000000,1000000000,199,-1.48386934673367,-1.48386934673367,45.7259798994975
0.1,True,0,1,10000000,1000000000,434,-1.4189400921659,-1.4189400921659,44.2384101382489
0.15,True,0.6,0.4,10000000,1000000000,236,-1.34601694915254,-1.34601694915254,47.4562288135593
0.35,True,0,1,10000000,100000000000000,381,-1.34199475065617,-1.34199475065617,50.6566404199475
0.35,True,0.9,0.1,100000000,1000000000000,8,-1.335,-1.335,37.5025
0.3,False,0.8,0.2,50000000,10000000000,18,-2.23777777777778,-1.32222222222222,55.5555555555556
0.35,True,0.75,0.25,100000000,1000000000000,8,-1.32125,-1.32125,37.5
0.35,True,0.8,0.2,100000000,1000000000000,8,-1.305,-1.305,37.5025
0.3,True,0,1,10000000,100000000000000,488,-1.29965163934426,-1.29965163934426,49.5891393442623
0.35,True,0.2,0.8,10000000,100000000000000,223,-1.29641255605381,-1.29641255605381,51.5713452914798
0.35,True,0.2,0.8,50000000,10000000000,165,-1.26624242424242,-1.26624242424242,48.4837575757576
0.2,True,0.7,0.3,10000000,1000000000,107,-1.2388785046729,-1.2388785046729,51.3988785046729
0.15,True,0.75,0.25,10000000,1000000000,208,-1.22341346153846,-1.22341346153846,48.0787980769231
0.3,False,0.75,0.25,50000000,10000000000,19,-2.01421052631579,-1.21578947368421,57.8952631578947
0.3,True,0.85,0.15,10000000,1000000000,19,-1.21210526315789,-1.21210526315789,52.6294736842105
0.3,True,0,1,50000000,10000000000,341,-1.18237536656892,-1.18237536656892,50.1461290322581
0.25,True,0.7,0.3,10000000,1000000000,48,-1.18229166666667,-1.18229166666667,49.99875
0.35,True,0.75,0.25,1000000000,100000000000000,6,-1.15333333333333,-1.15333333333333,33.3333333333333
0.35,True,1,0,1000000000,100000000000000,8,-1.1375,-1.1375,37.4975
0.35,True,0,1,50000000,10000000000,275,-1.09596363636364,-1.09596363636364,50.9074909090909
0.3,False,0.85,0.15,1000000000,100000000000000,19,-0.931052631578948,-1.05526315789474,52.6289473684211
0.1,True,0.6,0.4,10000000,1000000000,395,-1.0480253164557,-1.0480253164557,48.6063544303798
0.15,True,0.8,0.2,10000000,1000000000,209,-1.0477033492823,-1.0477033492823,50.2373684210526
0,True,0.4,0.6,10000000,1000000000,922,-1.03594360086768,-1.03594360086768,46.6385357917571
0.3,False,0.75,0.25,1000000000,100000000000000,21,-1.00142857142857,-1.02857142857143,52.3814285714286
0.15,True,0.7,0.3,10000000,1000000000,220,-1.00531818181818,-1.00531818181818,48.6325
0.35,False,0.95,0.05,10000000,100000000000000,17,-3.55470588235294,-0.980588235294118,52.9411764705882
0,True,0.2,0.8,10000000,1000000000,924,-0.975638528138528,-0.975638528138528,46.4271645021645
0.3,False,0.85,0.15,50000000,10000000000,18,-2.90277777777778,-0.973333333333333,55.5583333333333
0.35,True,0.95,0.05,1,100000000000000,20,-0.9695,-0.9695,50.001
0.35,True,0.95,0.05,1000000,100000000000000,20,-0.9695,-0.9695,50.001
0.35,False,1,0,10000000,100000000000000,24,-3.94916666666667,-0.96125,54.1683333333333
0,True,0.6,0.4,10000000,1000000000,897,-0.951672240802676,-0.951672240802676,47.154983277592
0.3,True,0.8,0.2,1000000000,100000000000000,19,-0.926315789473684,-0.926315789473684,47.3689473684211
0.3,True,0,1,1,100000000000000,504,-0.922539682539683,-0.922539682539683,48.8076587301587
0.3,True,0,1,1000000,100000000000000,504,-0.922539682539683,-0.922539682539683,48.8076587301587
0.35,True,0.4,0.6,1,100000000000000,94,-0.914468085106383,-0.914468085106383,57.4446808510638
0.35,True,0.4,0.6,1000000,100000000000000,94,-0.914468085106383,-0.914468085106383,57.4446808510638
0.35,True,0.4,0.6,10000000,100000000000000,94,-0.914468085106383,-0.914468085106383,57.4446808510638
0.1,True,0.7,0.3,10000000,1000000000,390,-0.906025641025641,-0.906025641025641,48.9745641025641
0.3,True,0.85,0.15,10000000,100000000000000,38,-0.898947368421053,-0.898947368421053,52.6294736842105
0.2,True,0.75,0.25,10000000,1000000000,105,-0.892857142857143,-0.892857142857143,53.3330476190476
0.3,False,0.7,0.3,1000000000,100000000000000,29,-0.753448275862069,-0.889310344827586,51.7227586206897
0.3,True,0.2,0.8,10000000,100000000000000,342,-0.877748538011696,-0.877748538011696,52.6301754385965
0.3,False,0.8,0.2,1000000000,100000000000000,19,-0.839473684210526,-0.863157894736842,47.3689473684211
0.3,True,0.8,0.2,100000000,1000000000000,24,-0.86125,-0.86125,50.0041666666667
0.3,False,0.7,0.3,50000000,10000000000,27,-2.32074074074074,-0.859259259259259,55.5585185185185
0.35,False,0.95,0.05,1,100000000000000,20,-4.113,-0.857,50.001
0.35,False,0.95,0.05,1000000,100000000000000,20,-4.113,-0.857,50.001
0.3,True,0.2,0.8,50000000,10000000000,241,-0.850871369294606,-0.850871369294606,51.8682157676348
0.3,False,0.75,0.25,100000000,1000000000000,27,-0.876296296296296,-0.849259259259259,55.5562962962963
0.3,False,0.85,0.15,100000000,1000000000000,26,-0.724615384615385,-0.847692307692308,53.8461538461539
0.35,True,0.2,0.8,100000000,1000000000000,202,-0.833861386138614,-0.833861386138614,52.4777722772277
0.35,False,0.85,0.15,1000000000,100000000000000,5,-3.336,-0.83,20
0.35,False,1,0,1,100000000000000,28,-3.43785714285714,-0.825714285714286,53.5735714285714
0.35,False,1,0,1000000,100000000000000,28,-3.43785714285714,-0.825714285714286,53.5735714285714
0.3,True,0.85,0.15,100000000,1000000000000,26,-0.808461538461539,-0.808461538461539,53.8461538461539
0.35,True,0.95,0.05,1000000000,100000000000000,7,-0.794285714285714,-0.794285714285714,42.8571428571429
0.35,True,0,1,1,100000000000000,394,-0.790152284263959,-0.790152284263959,50.0000507614213
0.35,True,0,1,1000000,100000000000000,394,-0.790152284263959,-0.790152284263959,50.0000507614213
0.3,True,0.4,0.6,1,100000000000000,187,-0.785561497326203,-0.785561497326203,56.1508021390374
0.3,True,0.4,0.6,1000000,100000000000000,187,-0.785561497326203,-0.785561497326203,56.1508021390374
0,True,0.8,0.2,10000000,1000000000,848,-0.783702830188679,-0.783702830188679,47.9959669811321
0.3,False,0.8,0.2,100000000,1000000000000,24,-0.840833333333333,-0.772083333333333,50.0041666666667
0,True,0.7,0.3,10000000,1000000000,883,-0.772038505096263,-0.772038505096263,47.4515628539071
0.35,True,0,1,100000000,1000000000000,337,-0.77053412462908,-0.77053412462908,53.116765578635
0,True,0.75,0.25,10000000,1000000000,872,-0.765665137614679,-0.765665137614679,47.7048853211009
0.3,True,0,1,100000000,1000000000000,433,-0.765103926096998,-0.765103926096998,52.1956120092379
0.2,True,0.8,0.2,10000000,1000000000,105,-0.762952380952381,-0.762952380952381,52.3792380952381
0.25,True,0,1,50000000,10000000000,440,-0.756886363636364,-0.756886363636364,51.3641590909091
0.25,True,0,1,10000000,100000000000000,630,-0.743380952380952,-0.743380952380952,51.2706349206349
0.3,True,0.6,0.4,1,100000000000000,68,-0.74264705882353,-0.74264705882353,58.8258823529412
0.3,True,0.6,0.4,1000000,100000000000000,68,-0.74264705882353,-0.74264705882353,58.8258823529412
0.3,True,0.6,0.4,10000000,100000000000000,68,-0.74264705882353,-0.74264705882353,58.8258823529412
0.2,True,0.2,0.8,50000000,10000000000,428,-0.727383177570093,-0.727383177570093,51.8677336448598
0.15,True,0.85,0.15,10000000,1000000000,211,-0.7239336492891,-0.7239336492891,51.6569668246445
0,True,0.85,0.15,10000000,1000000000,836,-0.7211004784689,-0.7211004784689,48.088014354067
0.1,True,0.75,0.25,10000000,1000000000,384,-0.691432291666667,-0.691432291666667,49.9984895833333
0.25,True,0.8,0.2,10000000,1000000000,51,-0.687058823529412,-0.687058823529412,52.9425490196078
0.35,False,0.2,0.8,50000000,10000000000,165,-3.05284848484849,-0.662727272727273,48.4837575757576
0.3,False,0.9,0.1,1000000000,100000000000000,25,-0.762,-0.656,48
0,True,0.95,0.05,10000000,1000000000,801,-0.641061173533084,-0.641061173533084,48.1903620474407
0.2,True,0.2,0.8,10000000,100000000000000,638,-0.640188087774295,-0.640188087774295,52.1938087774295
0.25,True,0.2,0.8,10000000,100000000000000,456,-0.632127192982456,-0.632127192982456,51.7555921052632
0.2,True,0.85,0.15,10000000,1000000000,104,-0.63,-0.63,50.9611538461539
0.2,True,0,1,50000000,10000000000,521,-0.626295585412668,-0.626295585412668,51.0540499040307
0,True,0.9,0.1,10000000,1000000000,818,-0.626136919315404,-0.626136919315404,48.6567359413203
0.35,False,0.85,0.15,100000000,1000000000000,7,-2.57857142857143,-0.624285714285714,28.5714285714286
0.3,False,0.75,0.25,10000000,100000000000000,35,-0.908285714285714,-0.619428571428571,60.0005714285714
0.3,False,0.75,0.25,1,100000000000000,36,-0.978611111111111,-0.604444444444445,58.3327777777778
0.3,False,0.75,0.25,1000000,100000000000000,36,-0.978611111111111,-0.604444444444445,58.3327777777778
0.3,False,0.85,0.15,10000000,100000000000000,38,-2.52894736842105,-0.603421052631579,52.6294736842105
0.35,True,1,0,10000000,100000000000000,24,-0.59875,-0.59875,54.1683333333333
0.3,True,0.85,0.15,1000000000,100000000000000,19,-0.587368421052632,-0.587368421052632,52.6289473684211
0.15,False,0,1,50000000,10000000000,645,-1.22871317829457,-0.587348837209302,50.3867596899225
0.3,True,0.2,0.8,100000000,1000000000000,309,-0.585080906148867,-0.585080906148867,53.7196763754045
0.25,True,0,1,1,100000000000000,651,-0.580875576036866,-0.580875576036866,50.23
0.25,True,0,1,1000000,100000000000000,651,-0.580875576036866,-0.580875576036866,50.23
0.25,True,0.4,0.6,1,100000000000000,311,-0.579421221864952,-0.579421221864952,53.697652733119
0.25,True,0.4,0.6,1000000,100000000000000,311,-0.579421221864952,-0.579421221864952,53.697652733119
0.3,False,0.7,0.3,10000000,100000000000000,46,-1.4045652173913,-0.574130434782609,56.5252173913043
0.3,False,0.2,0.8,50000000,10000000000,241,-2.10597510373444,-0.566597510373444,51.8682157676348
0.1,False,0.2,0.8,50000000,10000000000,693,-1.24066378066378,-0.564675324675325,50.3628427128427
0,True,1,0,10000000,1000000000,786,-0.564618320610687,-0.564618320610687,48.7289058524173
0.35,False,0.9,0.1,1000000000,100000000000000,6,-1.97333333333333,-0.563333333333333,33.3333333333333
0.3,False,0.7,0.3,1,100000000000000,47,-1.47212765957447,-0.562765957446809,55.3217021276596
0.3,False,0.7,0.3,1000000,100000000000000,47,-1.47212765957447,-0.562765957446809,55.3217021276596
0.3,False,0,1,50000000,10000000000,341,-1.91727272727273,-0.56258064516129,50.1461290322581
0.1,False,0,1,50000000,10000000000,731,-1.29027359781122,-0.55734610123119,50.4768125854993
0.25,False,0,1,50000000,10000000000,440,-1.69447727272727,-0.550681818181818,51.3641590909091
0.25,True,0.6,0.4,10000000,1000000000,63,-0.546190476190476,-0.546190476190476,53.9671428571429
0.15,True,0.9,0.1,10000000,1000000000,223,-0.546008968609866,-0.546008968609866,52.46533632287
0.2,True,0,1,10000000,100000000000000,772,-0.545686528497409,-0.545686528497409,51.2941191709845
0.3,False,0.85,0.15,1,100000000000000,42,-2.29,-0.542380952380952,52.38
0.3,False,0.85,0.15,1000000,100000000000000,42,-2.29,-0.542380952380952,52.38
0.25,True,0.85,0.15,10000000,1000000000,53,-0.534528301886793,-0.534528301886793,50.9432075471698
0.3,False,0.8,0.2,10000000,100000000000000,35,-1.32342857142857,-0.523428571428572,51.4282857142857
0.15,False,0.2,0.8,50000000,10000000000,551,-1.3343557168784,-0.520580762250454,51.7234482758621
0.3,True,0.75,0.25,1000000000,100000000000000,21,-0.517142857142857,-0.517142857142857,52.3814285714286
0.3,False,0.9,0.1,100000000,1000000000000,34,-0.577352941176471,-0.509411764705882,52.9411764705882
0.15,True,0.95,0.05,10000000,1000000000,223,-0.506681614349776,-0.506681614349776,52.9141704035875
0.25,True,0.75,0.25,10000000,1000000000,49,-0.494489795918367,-0.494489795918367,51.0212244897959
0.35,True,1,0,100000000,1000000000000,13,-0.493846153846154,-0.493846153846154,53.8469230769231
0.3,False,0.8,0.2,1,100000000000000,37,-1.37702702702703,-0.493513513513514,51.3516216216216
0.3,False,0.8,0.2,1000000,100000000000000,37,-1.37702702702703,-0.493513513513514,51.3516216216216
0.3,True,0.7,0.3,1000000000,100000000000000,29,-0.49,-0.49,51.7227586206897
0.35,False,0.8,0.2,1000000000,100000000000000,6,-1.515,-0.48,33.3333333333333
0.25,True,0.2,0.8,50000000,10000000000,322,-0.478944099378882,-0.478944099378882,51.8654968944099
0.35,True,0.7,0.3,1000000000,100000000000000,8,-0.4775,-0.4775,50.00125
0.15,True,0.2,0.8,10000000,100000000000000,840,-0.473321428571428,-0.473321428571428,51.9065119047619
0.35,False,0,1,50000000,10000000000,275,-1.71258181818182,-0.459745454545455,50.9074909090909
0.15,True,0.2,0.8,50000000,10000000000,551,-0.450889292196007,-0.450889292196007,51.7234482758621
0.35,False,0.9,0.1,100000000,1000000000000,8,-1.47,-0.45,37.5025
0.3,True,0.4,0.6,10000000,100000000000000,183,-0.448743169398907,-0.448743169398907,57.3750819672131
-0.5,True,0.95,0.05,1,100000000000000,3222,-0.446452513966481,-0.446452513966481,48.7278739913098
-0.5,True,0.95,0.05,1000000,100000000000000,3222,-0.446452513966481,-0.446452513966481,48.7278739913098
0.2,False,0,1,50000000,10000000000,521,-1.18890595009597,-0.446353166986564,51.0540499040307
0.3,False,0.7,0.3,100000000,1000000000000,36,-0.89,-0.444166666666667,55.5547222222222
-1,True,0,1,1,100000000000000,3225,-0.443522480620155,-0.443522480620155,48.7127007751938
-1,True,0,1,1000000,100000000000000,3225,-0.443522480620155,-0.443522480620155,48.7127007751938
-1,True,0.2,0.8,1,100000000000000,3225,-0.443522480620155,-0.443522480620155,48.7127007751938
-1,True,0.2,0.8,1000000,100000000000000,3225,-0.443522480620155,-0.443522480620155,48.7127007751938
-1,True,0.4,0.6,1,100000000000000,3225,-0.443522480620155,-0.443522480620155,48.7127007751938
-1,True,0.4,0.6,1000000,100000000000000,3225,-0.443522480620155,-0.443522480620155,48.7127007751938
-1,True,0.6,0.4,1,100000000000000,3225,-0.443522480620155,-0.443522480620155,48.7127007751938
-1,True,0.6,0.4,1000000,100000000000000,3225,-0.443522480620155,-0.443522480620155,48.7127007751938
-1,True,0.7,0.3,1,100000000000000,3225,-0.443522480620155,-0.443522480620155,48.7127007751938
-1,True,0.7,0.3,1000000,100000000000000,3225,-0.443522480620155,-0.443522480620155,48.7127007751938
-1,True,0.75,0.25,1,100000000000000,3225,-0.443522480620155,-0.443522480620155,48.7127007751938
-1,True,0.75,0.25,1000000,100000000000000,3225,-0.443522480620155,-0.443522480620155,48.7127007751938
-1,True,0.8,0.2,1,100000000000000,3225,-0.443522480620155,-0.443522480620155,48.7127007751938
-1,True,0.8,0.2,1000000,100000000000000,3225,-0.443522480620155,-0.443522480620155,48.7127007751938
-1,True,0.85,0.15,1,100000000000000,3225,-0.443522480620155,-0.443522480620155,48.7127007751938
-1,True,0.85,0.15,1000000,100000000000000,3225,-0.443522480620155,-0.443522480620155,48.7127007751938
-1,True,0.9,0.1,1,100000000000000,3225,-0.443522480620155,-0.443522480620155,48.7127007751938
-1,True,0.9,0.1,1000000,100000000000000,3225,-0.443522480620155,-0.443522480620155,48.7127007751938
-1,True,0.95,0.05,1,100000000000000,3225,-0.443522480620155,-0.443522480620155,48.7127007751938
-1,True,0.95,0.05,1000000,100000000000000,3225,-0.443522480620155,-0.443522480620155,48.7127007751938
-1,True,1,0,1,100000000000000,3225,-0.443522480620155,-0.443522480620155,48.7127007751938
-1,True,1,0,1000000,100000000000000,3225,-0.443522480620155,-0.443522480620155,48.7127007751938
-0.5,True,0.4,0.6,1,100000000000000,3225,-0.443522480620155,-0.443522480620155,48.7127007751938
-0.5,True,0.4,0.6,1000000,100000000000000,3225,-0.443522480620155,-0.443522480620155,48.7127007751938
-0.5,True,0.6,0.4,1,100000000000000,3225,-0.443522480620155,-0.443522480620155,48.7127007751938
-0.5,True,0.6,0.4,1000000,100000000000000,3225,-0.443522480620155,-0.443522480620155,48.7127007751938
-0.5,True,0.7,0.3,1,100000000000000,3225,-0.443522480620155,-0.443522480620155,48.7127007751938
-0.5,True,0.7,0.3,1000000,100000000000000,3225,-0.443522480620155,-0.443522480620155,48.7127007751938
-0.5,True,0.75,0.25,1,100000000000000,3225,-0.443522480620155,-0.443522480620155,48.7127007751938
-0.5,True,0.75,0.25,1000000,100000000000000,3225,-0.443522480620155,-0.443522480620155,48.7127007751938
-0.5,True,0.8,0.2,1,100000000000000,3225,-0.443522480620155,-0.443522480620155,48.7127007751938
-0.5,True,0.8,0.2,1000000,100000000000000,3225,-0.443522480620155,-0.443522480620155,48.7127007751938
-0.5,True,0.85,0.15,1,100000000000000,3225,-0.443522480620155,-0.443522480620155,48.7127007751938
-0.5,True,0.85,0.15,1000000,100000000000000,3225,-0.443522480620155,-0.443522480620155,48.7127007751938
-0.5,True,0.9,0.1,1,100000000000000,3224,-0.43919665012407,-0.43919665012407,48.7268703473945
-0.5,True,0.9,0.1,1000000,100000000000000,3224,-0.43919665012407,-0.43919665012407,48.7268703473945
0.25,True,0.4,0.6,50000000,10000000000,218,-0.438990825688073,-0.438990825688073,52.2931192660551
-0.5,True,1,0,1,100000000000000,3221,-0.438404222291214,-0.438404222291214,48.745752871779
-0.5,True,1,0,1000000,100000000000000,3221,-0.438404222291214,-0.438404222291214,48.745752871779
0.15,True,0,1,10000000,100000000000000,967,-0.435449844881075,-0.435449844881075,49.9476111685626
0,True,0,1,1,100000000000000,2790,-0.432795698924731,-0.432795698924731,48.6380286738351
0,True,0,1,1000000,100000000000000,2790,-0.432795698924731,-0.432795698924731,48.6380286738351
0.3,False,0.9,0.1,50000000,10000000000,24,-1.43375,-0.423333333333333,58.3308333333333
-0.5,True,0,1,1,100000000000000,3207,-0.422743997505457,-0.422743997505457,48.7393857187403
-0.5,True,0,1,1000000,100000000000000,3207,-0.422743997505457,-0.422743997505457,48.7393857187403
0.3,True,0.85,0.15,1,100000000000000,42,-0.42047619047619,-0.42047619047619,52.38
0.3,True,0.85,0.15,1000000,100000000000000,42,-0.42047619047619,-0.42047619047619,52.38
0.1,False,0.4,0.6,50000000,10000000000,672,-1.05755952380952,-0.403779761904762,52.8286607142857
-0.5,True,0.2,0.8,1,100000000000000,3217,-0.403531240285981,-0.403531240285981,48.80070562636
-0.5,True,0.2,0.8,1000000,100000000000000,3217,-0.403531240285981,-0.403531240285981,48.80070562636
0.35,False,0.2,0.8,1000000000,100000000000000,119,-0.572521008403361,-0.400336134453782,57.983781512605
0.35,False,0.8,0.2,100000000,1000000000000,8,-1.0725,-0.39,37.5025
0.3,True,0.75,0.25,100000000,1000000000000,27,-0.388148148148148,-0.388148148148148,55.5562962962963
0.3,True,0.7,0.3,100000000,1000000000000,36,-0.385833333333333,-0.385833333333333,55.5547222222222
0.3,False,0.95,0.05,1000000000,100000000000000,30,-0.466666666666667,-0.384,50.0023333333333
0.3,False,0.9,0.1,10000000,100000000000000,48,-1.86208333333333,-0.383958333333333,52.0841666666667
0.3,True,0.4,0.6,50000000,10000000000,132,-0.38,-0.38,53.7871212121212
0.15,True,0.2,0.8,1,100000000000000,864,-0.375868055555556,-0.375868055555556,50.9270717592593
0.15,True,0.2,0.8,1000000,100000000000000,864,-0.375868055555556,-0.375868055555556,50.9270717592593
0.1,True,0.2,0.8,50000000,10000000000,693,-0.375844155844156,-0.375844155844156,50.3628427128427
0.25,True,0.4,0.6,10000000,100000000000000,307,-0.373745928338762,-0.373745928338762,54.3989250814332
0.35,False,0.2,0.8,1,100000000000000,227,-1.6468281938326,-0.369559471365639,51.099691629956
0.35,False,0.2,0.8,1000000,100000000000000,227,-1.6468281938326,-0.369559471365639,51.099691629956
0.25,True,0.7,0.3,1,100000000000000,120,-0.3685,-0.3685,54.9975
0.25,True,0.7,0.3,1000000,100000000000000,120,-0.3685,-0.3685,54.9975
0.2,True,0.2,0.8,1,100000000000000,655,-0.367022900763359,-0.367022900763359,51.4526564885496
0.2,True,0.2,0.8,1000000,100000000000000,655,-0.367022900763359,-0.367022900763359,51.4526564885496
0.3,False,0.9,0.1,1,100000000000000,52,-1.78942307692308,-0.353269230769231,51.9226923076923
0.3,False,0.9,0.1,1000000,100000000000000,52,-1.78942307692308,-0.353269230769231,51.9226923076923
0.35,False,0.2,0.8,10000000,100000000000000,223,-1.54717488789238,-0.345605381165919,51.5713452914798
0.2,False,0.2,0.8,50000000,10000000000,428,-1.38628504672897,-0.344509345794393,51.8677336448598
0.3,False,0,1,1000000000,100000000000000,275,-0.490618181818182,-0.340872727272727,54.9095272727273
-1,True,0,1,10000000,100000000000000,3123,-0.340317002881844,-0.340317002881844,49.5360454691002
-1,True,0.2,0.8,10000000,100000000000000,3123,-0.340317002881844,-0.340317002881844,49.5360454691002
-1,True,0.4,0.6,10000000,100000000000000,3123,-0.340317002881844,-0.340317002881844,49.5360454691002
-1,True,0.6,0.4,10000000,100000000000000,3123,-0.340317002881844,-0.340317002881844,49.5360454691002
-1,True,0.7,0.3,10000000,100000000000000,3123,-0.340317002881844,-0.340317002881844,49.5360454691002
-1,True,0.75,0.25,10000000,100000000000000,3123,-0.340317002881844,-0.340317002881844,49.5360454691002
-1,True,0.8,0.2,10000000,100000000000000,3123,-0.340317002881844,-0.340317002881844,49.5360454691002
-1,True,0.85,0.15,10000000,100000000000000,3123,-0.340317002881844,-0.340317002881844,49.5360454691002
-1,True,0.9,0.1,10000000,100000000000000,3123,-0.340317002881844,-0.340317002881844,49.5360454691002
-1,True,0.95,0.05,10000000,100000000000000,3123,-0.340317002881844,-0.340317002881844,49.5360454691002
-1,True,1,0,10000000,100000000000000,3123,-0.340317002881844,-0.340317002881844,49.5360454691002
-0.5,True,0.4,0.6,10000000,100000000000000,3123,-0.340317002881844,-0.340317002881844,49.5360454691002
-0.5,True,0.6,0.4,10000000,100000000000000,3123,-0.340317002881844,-0.340317002881844,49.5360454691002
-0.5,True,0.7,0.3,10000000,100000000000000,3123,-0.340317002881844,-0.340317002881844,49.5360454691002
-0.5,True,0.75,0.25,10000000,100000000000000,3123,-0.340317002881844,-0.340317002881844,49.5360454691002
-0.5,True,0.8,0.2,10000000,100000000000000,3123,-0.340317002881844,-0.340317002881844,49.5360454691002
-0.5,True,0.85,0.15,10000000,100000000000000,3123,-0.340317002881844,-0.340317002881844,49.5360454691002
0.2,True,0,1,1,100000000000000,799,-0.339987484355444,-0.339987484355444,50.1878473091364
0.2,True,0,1,1000000,100000000000000,799,-0.339987484355444,-0.339987484355444,50.1878473091364
-0.5,True,0.9,0.1,10000000,100000000000000,3122,-0.339718129404228,-0.339718129404228,49.5532575272261
-0.5,True,0.95,0.05,10000000,100000000000000,3122,-0.339718129404228,-0.339718129404228,49.5532575272261
-0.5,True,1,0,10000000,100000000000000,3122,-0.339718129404228,-0.339718129404228,49.5532575272261
0.1,True,0.2,0.8,10000000,100000000000000,1055,-0.338872037914692,-0.338872037914692,50.7116587677725
0.3,False,0,1,100000000,1000000000000,433,-0.916073903002309,-0.334087759815243,52.1956120092379
0.3,False,0.95,0.05,50000000,10000000000,33,-1.23242424242424,-0.332727272727273,54.5454545454546
0.35,True,1,0,10000000,1000000000,16,-0.32875,-0.32875,62.499375
0.35,True,0.95,0.05,100000000,1000000000000,8,-0.3275,-0.3275,50
0,True,0,1,10000000,100000000000000,2692,-0.327444279346211,-0.327444279346211,49.5530794947994
0.3,False,0,1,1,100000000000000,504,-1.21051587301587,-0.323710317460317,48.8076587301587
0.3,False,0,1,1000000,100000000000000,504,-1.21051587301587,-0.323710317460317,48.8076587301587
0.35,False,0.8,0.2,50000000,10000000000,6,-2.02666666666667,-0.323333333333333,66.6666666666667
0.35,False,0.85,0.15,50000000,10000000000,6,-2.02666666666667,-0.323333333333333,66.6666666666667
0.15,True,0,1,1,100000000000000,999,-0.323013013013013,-0.323013013013013,48.9502302302302
0.15,True,0,1,1000000,100000000000000,999,-0.323013013013013,-0.323013013013013,48.9502302302302
0.1,True,0.8,0.2,10000000,1000000000,389,-0.320514138817481,-0.320514138817481,51.1562724935733
-0.5,True,0,1,10000000,100000000000000,3105,-0.316621578099839,-0.316621578099839,49.5637037037037
0.3,False,0,1,10000000,100000000000000,488,-1.10608606557377,-0.31344262295082,49.5891393442623
0.15,True,0,1,50000000,10000000000,645,-0.308046511627907,-0.308046511627907,50.3867596899225
0.3,True,0.2,0.8,1,100000000000000,351,-0.307464387464388,-0.307464387464388,51.8488888888889
0.3,True,0.2,0.8,1000000,100000000000000,351,-0.307464387464388,-0.307464387464388,51.8488888888889
0.35,False,0.2,0.8,100000000,1000000000000,202,-1.25935643564356,-0.303910891089109,52.4777722772277
0.35,False,0.75,0.25,50000000,10000000000,7,-2.35428571428571,-0.302857142857143,57.1428571428571
-0.5,True,0.2,0.8,10000000,100000000000000,3115,-0.301351524879615,-0.301351524879615,49.6329470304976
0.25,True,0.9,0.1,10000000,1000000000,55,-0.290545454545455,-0.290545454545455,52.7294545454545
0.35,False,0.2,0.8,10000000,1000000000,104,-3.00355769230769,-0.285576923076923,44.2317307692308
0.35,False,0.85,0.15,10000000,100000000000000,13,-3.95538461538462,-0.277692307692308,53.8438461538462
0.3,False,0,1,10000000,1000000000,213,-2.24403755868545,-0.275070422535211,42.72220657277
0.35,False,0.85,0.15,1,100000000000000,14,-3.79357142857143,-0.264285714285714,49.9971428571429
0.35,False,0.85,0.15,1000000,100000000000000,14,-3.79357142857143,-0.264285714285714,49.9971428571429
0.3,False,0.95,0.05,100000000,1000000000000,43,-0.313720930232558,-0.257674418604651,55.8118604651163
0.25,True,0.85,0.15,10000000,100000000000000,119,-0.254873949579832,-0.254873949579832,52.9412605042017
0.25,True,0,1,100000000,1000000000000,556,-0.248129496402878,-0.248129496402878,54.1387769784173
0.1,True,0,1,10000000,100000000000000,1112,-0.246627697841727,-0.246627697841727,50.4484262589928
0.3,True,0.8,0.2,1,100000000000000,37,-0.244054054054054,-0.244054054054054,51.3516216216216
0.3,True,0.8,0.2,1000000,100000000000000,37,-0.244054054054054,-0.244054054054054,51.3516216216216
0.3,True,0.7,0.3,1,100000000000000,47,-0.243404255319149,-0.243404255319149,55.3217021276596
0.3,True,0.7,0.3,1000000,100000000000000,47,-0.243404255319149,-0.243404255319149,55.3217021276596
0.25,True,0.2,0.8,1,100000000000000,468,-0.240811965811966,-0.240811965811966,51.0659829059829
0.25,True,0.2,0.8,1000000,100000000000000,468,-0.240811965811966,-0.240811965811966,51.0659829059829
0.1,True,0.9,0.1,10000000,1000000000,383,-0.239530026109661,-0.239530026109661,52.2194255874674
0.25,False,0.2,0.8,50000000,10000000000,322,-1.10316770186335,-0.238788819875776,51.8654968944099
0.15,True,0.4,0.6,50000000,10000000000,473,-0.237124735729387,-0.237124735729387,53.0645665961945
0.35,False,0.4,0.6,50000000,10000000000,64,-0.87203125,-0.23703125,54.6890625
0.1,True,0.2,0.8,1,100000000000000,1087,-0.235234590616375,-0.235234590616375,49.7694480220791
0.1,True,0.2,0.8,1000000,100000000000000,1087,-0.235234590616375,-0.235234590616375,49.7694480220791
0.15,True,0.4,0.6,10000000,100000000000000,726,-0.228925619834711,-0.228925619834711,53.1687878787879
0.35,True,0.2,0.8,1,100000000000000,227,-0.224493392070485,-0.224493392070485,51.099691629956
0.35,True,0.2,0.8,1000000,100000000000000,227,-0.224493392070485,-0.224493392070485,51.099691629956
0.3,False,0.6,0.4,50000000,10000000000,41,-1.01341463414634,-0.220975609756097,56.0960975609756
0.3,True,0.8,0.2,10000000,100000000000000,35,-0.217428571428571,-0.217428571428571,51.4282857142857
0.35,False,0.9,0.1,10000000,100000000000000,15,-3.50266666666667,-0.212666666666667,53.334
0.3,False,0.95,0.05,10000000,100000000000000,59,-1.32762711864407,-0.208135593220339,52.5437288135593
0.3,False,0.2,0.8,10000000,1000000000,146,-1.90356164383562,-0.208013698630137,45.2080136986301
0.25,True,0.85,0.15,1,100000000000000,125,-0.20744,-0.20744,52.00256
0.25,True,0.85,0.15,1000000,100000000000000,125,-0.20744,-0.20744,52.00256
0.2,False,0,1,10000000,1000000000,314,-1.89662420382166,-0.20671974522293,42.3564012738853
0.25,True,0.8,0.2,10000000,100000000000000,111,-0.205315315315315,-0.205315315315315,54.0563963963964
0.3,True,0.95,0.05,1000000000,100000000000000,30,-0.203666666666667,-0.203666666666667,50.0023333333333
0.35,False,0.4,0.6,1000000000,100000000000000,50,-0.0126,-0.2008,60.001
0.25,True,0.2,0.8,100000000,1000000000000,407,-0.200761670761671,-0.200761670761671,54.0566584766585
0.15,False,0.4,0.6,50000000,10000000000,473,-1.11120507399577,-0.198118393234672,53.0645665961945
0.35,False,0,1,10000000,1000000000,177,-1.88508474576271,-0.197005649717514,42.9375141242938
0.3,False,0.4,0.6,50000000,10000000000,132,-1.27787878787879,-0.196060606060606,53.7871212121212
0.35,False,0.9,0.1,1,100000000000000,17,-3.27411764705882,-0.191764705882353,52.9441176470588
0.35,False,0.9,0.1,1000000,100000000000000,17,-3.27411764705882,-0.191764705882353,52.9441176470588
0.3,False,0.95,0.05,1,100000000000000,63,-1.29444444444444,-0.190793650793651,52.3773015873016
0.3,False,0.95,0.05,1000000,100000000000000,63,-1.29444444444444,-0.190793650793651,52.3773015873016
0,True,0,1,50000000,10000000000,1889,-0.190052938062467,-0.190052938062467,49.9723451561673
0.1,False,0.2,0.8,10000000,1000000000,405,-1.79888888888889,-0.187876543209877,43.2106666666667
0.35,False,0.75,0.25,1000000000,100000000000000,6,-0.62,-0.186666666666667,33.3333333333333
0.1,True,0,1,1,100000000000000,1147,-0.182188317349608,-0.182188317349608,49.5213339145597
0.1,True,0,1,1000000,100000000000000,1147,-0.182188317349608,-0.182188317349608,49.5213339145597
0.3,True,0.7,0.3,10000000,100000000000000,46,-0.181521739130435,-0.181521739130435,56.5252173913043
0.2,False,0.2,0.8,10000000,1000000000,261,-2.03417624521073,-0.181455938697318,42.1419923371648
0.1,True,0.85,0.15,10000000,1000000000,379,-0.179551451187335,-0.179551451187335,52.2446965699209
0.35,True,0.4,0.6,50000000,10000000000,64,-0.17671875,-0.17671875,54.6890625
-1,True,0,1,50000000,10000000000,2214,-0.175916892502258,-0.175916892502258,49.9543405600723
-1,True,0.2,0.8,50000000,10000000000,2214,-0.175916892502258,-0.175916892502258,49.9543405600723
-1,True,0.4,0.6,50000000,10000000000,2214,-0.175916892502258,-0.175916892502258,49.9543405600723
-1,True,0.6,0.4,50000000,10000000000,2214,-0.175916892502258,-0.175916892502258,49.9543405600723
-1,True,0.7,0.3,50000000,10000000000,2214,-0.175916892502258,-0.175916892502258,49.9543405600723
-1,True,0.75,0.25,50000000,10000000000,2214,-0.175916892502258,-0.175916892502258,49.9543405600723
-1,True,0.8,0.2,50000000,10000000000,2214,-0.175916892502258,-0.175916892502258,49.9543405600723
-1,True,0.85,0.15,50000000,10000000000,2214,-0.175916892502258,-0.175916892502258,49.9543405600723
-1,True,0.9,0.1,50000000,10000000000,2214,-0.175916892502258,-0.175916892502258,49.9543405600723
-1,True,0.95,0.05,50000000,10000000000,2214,-0.175916892502258,-0.175916892502258,49.9543405600723
-1,True,1,0,50000000,10000000000,2214,-0.175916892502258,-0.175916892502258,49.9543405600723
-0.5,True,0.4,0.6,50000000,10000000000,2214,-0.175916892502258,-0.175916892502258,49.9543405600723
-0.5,True,0.6,0.4,50000000,10000000000,2214,-0.175916892502258,-0.175916892502258,49.9543405600723
-0.5,True,0.7,0.3,50000000,10000000000,2214,-0.175916892502258,-0.175916892502258,49.9543405600723
-0.5,True,0.75,0.25,50000000,10000000000,2214,-0.175916892502258,-0.175916892502258,49.9543405600723
-0.5,True,0.8,0.2,50000000,10000000000,2214,-0.175916892502258,-0.175916892502258,49.9543405600723
-0.5,True,0.85,0.15,50000000,10000000000,2214,-0.175916892502258,-0.175916892502258,49.9543405600723
-0.5,True,0.9,0.1,50000000,10000000000,2214,-0.175916892502258,-0.175916892502258,49.9543405600723
-0.5,True,0.95,0.05,50000000,10000000000,2214,-0.175916892502258,-0.175916892502258,49.9543405600723
-0.5,True,1,0,50000000,10000000000,2214,-0.175916892502258,-0.175916892502258,49.9543405600723
0.1,True,1,0,10000000,1000000000,385,-0.175636363636364,-0.175636363636364,52.7284935064935
0.25,False,0,1,10000000,1000000000,272,-1.77919117647059,-0.172058823529412,43.3848161764706
0.35,False,0.9,0.1,50000000,10000000000,7,-0.454285714285714,-0.17,71.4314285714286
0.35,False,0.75,0.25,100000000,1000000000000,8,-0.645,-0.1675,37.5
0.35,False,0.8,0.2,10000000,100000000000000,14,-2.74642857142857,-0.167142857142857,57.1435714285714
0.35,False,0.8,0.2,1,100000000000000,15,-2.676,-0.162,53.3333333333333
0.35,False,0.8,0.2,1000000,100000000000000,15,-2.676,-0.162,53.3333333333333
0.35,False,0.95,0.05,50000000,10000000000,6,-0.226666666666667,-0.156666666666667,83.3333333333333
-0.5,True,0,1,50000000,10000000000,2198,-0.15630118289354,-0.15630118289354,50.001110100091
0.1,True,0.4,0.6,50000000,10000000000,672,-0.155476190476191,-0.155476190476191,52.8286607142857
0.3,False,0.85,0.15,10000000,1000000000,19,-4.75,-0.149473684210526,52.6294736842105
0.2,True,0.9,0.1,10000000,1000000000,110,-0.149,-0.149,51.8153636363636
0.1,True,0.4,0.6,10000000,100000000000000,1035,-0.148946859903382,-0.148946859903382,52.75238647343
0.1,True,0,1,50000000,10000000000,731,-0.148331053351573,-0.148331053351573,50.4768125854993
0.15,False,0,1,10000000,1000000000,382,-1.40520942408377,-0.144921465968586,42.6681413612565
0.3,True,0.9,0.1,1000000000,100000000000000,25,-0.144,-0.144,48
0.15,False,0.4,0.6,10000000,1000000000,276,-1.69413043478261,-0.137355072463768,43.479347826087
0.35,False,0.4,0.6,1,100000000000000,94,-0.135106382978723,-0.137021276595745,57.4446808510638
0.35,False,0.4,0.6,1000000,100000000000000,94,-0.135106382978723,-0.137021276595745,57.4446808510638
0.35,False,0.4,0.6,10000000,100000000000000,94,-0.135106382978723,-0.137021276595745,57.4446808510638
-0.5,True,0.2,0.8,50000000,10000000000,2207,-0.135840507476212,-0.135840507476212,50.0691889442682
0.3,False,0.2,0.8,1,100000000000000,351,-1.05478632478632,-0.134330484330484,51.8488888888889
0.3,False,0.2,0.8,1000000,100000000000000,351,-1.05478632478632,-0.134330484330484,51.8488888888889
0.25,True,0.8,0.2,1,100000000000000,116,-0.132241379310345,-0.132241379310345,53.4499137931035
0.25,True,0.8,0.2,1000000,100000000000000,116,-0.132241379310345,-0.132241379310345,53.4499137931035
0.1,False,0,1,10000000,1000000000,434,-1.39223502304147,-0.132004608294931,44.2384101382489
0.25,False,0.95,0.05,50000000,10000000000,81,-0.0630864197530865,-0.127160493827161,56.7927160493827
0,False,0,1,50000000,10000000000,1889,-0.632593965060879,-0.126453149814717,49.9723451561673
0.25,True,0.95,0.05,1,100000000000000,146,-0.125479452054794,-0.125479452054794,52.0564383561644
0.25,True,0.95,0.05,1000000,100000000000000,146,-0.125479452054794,-0.125479452054794,52.0564383561644
0.35,False,0.7,0.3,50000000,10000000000,8,-2.5775,-0.12375,62.5
0.35,True,0.6,0.4,100000000,1000000000000,16,-0.12375,-0.12375,56.25
0.2,False,0.4,0.6,50000000,10000000000,328,-0.713475609756098,-0.119573170731707,53.0488414634146
0.3,False,0.8,0.2,10000000,1000000000,16,-2.473125,-0.115,56.24875
0.3,False,0.2,0.8,10000000,100000000000000,342,-0.95187134502924,-0.11453216374269,52.6301754385965
0.25,True,0.7,0.3,10000000,100000000000000,116,-0.113706896551724,-0.113706896551724,56.033275862069
0.1,True,0.95,0.05,10000000,1000000000,382,-0.112670157068063,-0.112670157068063,52.8765968586387
0.15,False,0.2,0.8,10000000,1000000000,325,-1.51092307692308,-0.111507692307692,43.0734153846154
0.3,False,0.2,0.8,100000000,1000000000000,309,-0.772265372168285,-0.107605177993528,53.7196763754045
-0.5,False,0,1,10000000,1000000000,1413,-1.68444444444444,-0.105371549893843,44.6542675159236
-1,False,0,1,10000000,1000000000,1426,-1.68459326788219,-0.103345021037868,44.600350631136
-1,False,0.2,0.8,10000000,1000000000,1426,-1.68459326788219,-0.103345021037868,44.600350631136
-1,False,0.4,0.6,10000000,1000000000,1426,-1.68459326788219,-0.103345021037868,44.600350631136
-1,False,0.6,0.4,10000000,1000000000,1426,-1.68459326788219,-0.103345021037868,44.600350631136
-1,False,0.7,0.3,10000000,1000000000,1426,-1.68459326788219,-0.103345021037868,44.600350631136
-1,False,0.75,0.25,10000000,1000000000,1426,-1.68459326788219,-0.103345021037868,44.600350631136
-1,False,0.8,0.2,10000000,1000000000,1426,-1.68459326788219,-0.103345021037868,44.600350631136
-1,False,0.85,0.15,10000000,1000000000,1426,-1.68459326788219,-0.103345021037868,44.600350631136
-1,False,0.9,0.1,10000000,1000000000,1426,-1.68459326788219,-0.103345021037868,44.600350631136
-1,False,0.95,0.05,10000000,1000000000,1426,-1.68459326788219,-0.103345021037868,44.600350631136
-1,False,1,0,10000000,1000000000,1426,-1.68459326788219,-0.103345021037868,44.600350631136
-0.5,False,0.4,0.6,10000000,1000000000,1426,-1.68459326788219,-0.103345021037868,44.600350631136
-0.5,False,0.6,0.4,10000000,1000000000,1426,-1.68459326788219,-0.103345021037868,44.600350631136
-0.5,False,0.7,0.3,10000000,1000000000,1426,-1.68459326788219,-0.103345021037868,44.600350631136
-0.5,False,0.75,0.25,10000000,1000000000,1426,-1.68459326788219,-0.103345021037868,44.600350631136
-0.5,False,0.8,0.2,10000000,1000000000,1426,-1.68459326788219,-0.103345021037868,44.600350631136
-0.5,False,0.85,0.15,10000000,1000000000,1426,-1.68459326788219,-0.103345021037868,44.600350631136
-0.5,False,0.9,0.1,10000000,1000000000,1425,-1.68364210526316,-0.103263157894737,44.6344
-0.5,False,0.95,0.05,10000000,1000000000,1425,-1.68364210526316,-0.103263157894737,44.6344
-0.5,False,1,0,10000000,1000000000,1425,-1.68364210526316,-0.103263157894737,44.6344
0.1,False,0.4,0.6,10000000,1000000000,400,-1.31075,-0.1032,46.2488
-0.5,False,0.2,0.8,10000000,1000000000,1420,-1.6500985915493,-0.102852112676056,44.7180070422535
-1,False,0,1,50000000,10000000000,2214,-0.413125564588979,-0.102226738934056,49.9543405600723
-1,False,0.2,0.8,50000000,10000000000,2214,-0.413125564588979,-0.102226738934056,49.9543405600723
-1,False,0.4,0.6,50000000,10000000000,2214,-0.413125564588979,-0.102226738934056,49.9543405600723
-1,False,0.6,0.4,50000000,10000000000,2214,-0.413125564588979,-0.102226738934056,49.9543405600723
-1,False,0.7,0.3,50000000,10000000000,2214,-0.413125564588979,-0.102226738934056,49.9543405600723
-1,False,0.75,0.25,50000000,10000000000,2214,-0.413125564588979,-0.102226738934056,49.9543405600723
-1,False,0.8,0.2,50000000,10000000000,2214,-0.413125564588979,-0.102226738934056,49.9543405600723
-1,False,0.85,0.15,50000000,10000000000,2214,-0.413125564588979,-0.102226738934056,49.9543405600723
-1,False,0.9,0.1,50000000,10000000000,2214,-0.413125564588979,-0.102226738934056,49.9543405600723
-1,False,0.95,0.05,50000000,10000000000,2214,-0.413125564588979,-0.102226738934056,49.9543405600723
-1,False,1,0,50000000,10000000000,2214,-0.413125564588979,-0.102226738934056,49.9543405600723
-0.5,False,0.4,0.6,50000000,10000000000,2214,-0.413125564588979,-0.102226738934056,49.9543405600723
-0.5,False,0.6,0.4,50000000,10000000000,2214,-0.413125564588979,-0.102226738934056,49.9543405600723
-0.5,False,0.7,0.3,50000000,10000000000,2214,-0.413125564588979,-0.102226738934056,49.9543405600723
-0.5,False,0.75,0.25,50000000,10000000000,2214,-0.413125564588979,-0.102226738934056,49.9543405600723
-0.5,False,0.8,0.2,50000000,10000000000,2214,-0.413125564588979,-0.102226738934056,49.9543405600723
-0.5,False,0.85,0.15,50000000,10000000000,2214,-0.413125564588979,-0.102226738934056,49.9543405600723
-0.5,False,0.9,0.1,50000000,10000000000,2214,-0.413125564588979,-0.102226738934056,49.9543405600723
-0.5,False,0.95,0.05,50000000,10000000000,2214,-0.413125564588979,-0.102226738934056,49.9543405600723
-0.5,False,1,0,50000000,10000000000,2214,-0.413125564588979,-0.102226738934056,49.9543405600723
-0.5,False,0,1,50000000,10000000000,2198,-0.398803457688808,-0.0998999090081893,50.001110100091
-0.5,False,0.2,0.8,50000000,10000000000,2207,-0.385346624376982,-0.0960851835070231,50.0691889442682
0.3,True,0.7,0.3,50000000,10000000000,27,-0.0925925925925926,-0.0925925925925926,55.5585185185185
0.35,True,0.6,0.4,1000000000,100000000000000,11,-0.0890909090909091,-0.0890909090909091,54.5436363636364
0.3,False,0.9,0.1,10000000,1000000000,23,-2.8295652173913,-0.0830434782608696,56.5230434782609
0.35,False,0,1,1,100000000000000,394,-0.915329949238579,-0.0808375634517767,50.0000507614213
0.35,False,0,1,1000000,100000000000000,394,-0.915329949238579,-0.0808375634517767,50.0000507614213
0.3,False,0.6,0.4,10000000,1000000000,27,-4.64851851851852,-0.0788888888888889,55.5577777777778
0,False,0,1,10000000,1000000000,1267,-1.49223362273086,-0.0755722178374112,44.5963693764799
0,False,0.2,0.8,50000000,10000000000,1476,-0.317249322493225,-0.0732791327913279,52.0998306233062
0.25,False,0.4,0.6,10000000,1000000000,126,-2.02666666666667,-0.0728571428571429,44.4452380952381
0,False,0.4,0.6,50000000,10000000000,1486,-0.28235531628533,-0.072792732166891,52.3572207267833
0.35,False,0.4,0.6,10000000,1000000000,44,-0.0775,-0.0679545454545455,54.5484090909091
0.3,False,0.4,0.6,10000000,1000000000,77,-0.699090909090909,-0.0679220779220779,49.3476623376623
0.25,False,0.2,0.8,10000000,1000000000,196,-1.26642857142857,-0.0646938775510204,43.8779591836735
0.35,False,0,1,10000000,100000000000000,381,-0.801391076115486,-0.0618897637795276,50.6566404199475
0.25,False,0.85,0.15,50000000,10000000000,69,-0.803913043478261,-0.0584057971014493,53.6240579710145
0,False,0,1,1,100000000000000,2790,-0.486164874551971,-0.0567096774193548,48.6380286738351
0,False,0,1,1000000,100000000000000,2790,-0.486164874551971,-0.0567096774193548,48.6380286738351
0,False,0.4,0.6,10000000,1000000000,922,-1.17531453362256,-0.0499674620390456,46.6385357917571
0.35,False,0,1,100000000,1000000000000,337,-0.580712166172107,-0.0497032640949555,53.116765578635
0.1,True,0.4,0.6,1,100000000000000,1062,-0.0489453860640301,-0.0489453860640301,51.7896233521657
0.1,True,0.4,0.6,1000000,100000000000000,1062,-0.0489453860640301,-0.0489453860640301,51.7896233521657
0.2,True,0.2,0.8,100000000,1000000000000,566,-0.0454240282685513,-0.0454240282685513,55.3029858657244
0,False,0.2,0.8,10000000,1000000000,924,-1.05428571428571,-0.0453463203463203,46.4271645021645
0.35,False,0.6,0.4,50000000,10000000000,12,0.468333333333333,-0.0433333333333333,58.3333333333333
0.3,False,0.2,0.8,1000000000,100000000000000,196,-0.217704081632653,-0.0419387755102041,58.1602551020408
0.25,False,0.8,0.2,50000000,10000000000,62,-0.849677419354839,-0.0406451612903227,56.4509677419355
0,False,0,1,100000000,1000000000000,2328,-0.242272336769759,-0.0369029209621993,52.3648152920962
0.25,True,0.85,0.15,1000000000,100000000000000,66,-0.0312121212121212,-0.0312121212121212,54.545
0.25,False,0.4,0.6,50000000,10000000000,218,-0.797798165137615,-0.0304128440366973,52.2931192660551
0,False,0.6,0.4,50000000,10000000000,1467,-0.0697750511247444,-0.0298159509202454,52.8265098841172
0.25,False,0,1,100000000,1000000000000,556,-0.0919784172661871,-0.0293525179856115,54.1387769784173
0,False,0,1,10000000,100000000000000,2692,-0.367459138187221,-0.0290973254086181,49.5530794947994
0.3,False,0.7,0.3,10000000,1000000000,17,-1.85117647058824,-0.0282352941176471,64.7064705882353
0.3,False,0.95,0.05,10000000,1000000000,29,-1.80310344827586,-0.0258620689655172,55.171724137931
0.25,False,1,0,50000000,10000000000,100,0.371,-0.0238,53.9992
0,False,0.6,0.4,10000000,1000000000,897,-0.803957636566332,-0.023221850613155,47.154983277592
-1,False,0,1,1,100000000000000,3225,-0.392986046511628,-0.0211410852713179,48.7127007751938
-1,False,0,1,1000000,100000000000000,3225,-0.392986046511628,-0.0211410852713179,48.7127007751938
-1,False,0.2,0.8,1,100000000000000,3225,-0.392986046511628,-0.0211410852713179,48.7127007751938
-1,False,0.2,0.8,1000000,100000000000000,3225,-0.392986046511628,-0.0211410852713179,48.7127007751938
-1,False,0.4,0.6,1,100000000000000,3225,-0.392986046511628,-0.0211410852713179,48.7127007751938
-1,False,0.4,0.6,1000000,100000000000000,3225,-0.392986046511628,-0.0211410852713179,48.7127007751938
-1,False,0.6,0.4,1,100000000000000,3225,-0.392986046511628,-0.0211410852713179,48.7127007751938
-1,False,0.6,0.4,1000000,100000000000000,3225,-0.392986046511628,-0.0211410852713179,48.7127007751938
-1,False,0.7,0.3,1,100000000000000,3225,-0.392986046511628,-0.0211410852713179,48.7127007751938
-1,False,0.7,0.3,1000000,100000000000000,3225,-0.392986046511628,-0.0211410852713179,48.7127007751938
-1,False,0.75,0.25,1,100000000000000,3225,-0.392986046511628,-0.0211410852713179,48.7127007751938
-1,False,0.75,0.25,1000000,100000000000000,3225,-0.392986046511628,-0.0211410852713179,48.7127007751938
-1,False,0.8,0.2,1,100000000000000,3225,-0.392986046511628,-0.0211410852713179,48.7127007751938
-1,False,0.8,0.2,1000000,100000000000000,3225,-0.392986046511628,-0.0211410852713179,48.7127007751938
-1,False,0.85,0.15,1,100000000000000,3225,-0.392986046511628,-0.0211410852713179,48.7127007751938
-1,False,0.85,0.15,1000000,100000000000000,3225,-0.392986046511628,-0.0211410852713179,48.7127007751938
-1,False,0.9,0.1,1,100000000000000,3225,-0.392986046511628,-0.0211410852713179,48.7127007751938
-1,False,0.9,0.1,1000000,100000000000000,3225,-0.392986046511628,-0.0211410852713179,48.7127007751938
-1,False,0.95,0.05,1,100000000000000,3225,-0.392986046511628,-0.0211410852713179,48.7127007751938
-1,False,0.95,0.05,1000000,100000000000000,3225,-0.392986046511628,-0.0211410852713179,48.7127007751938
-1,False,1,0,1,100000000000000,3225,-0.392986046511628,-0.0211410852713179,48.7127007751938
-1,False,1,0,1000000,100000000000000,3225,-0.392986046511628,-0.0211410852713179,48.7127007751938
-0.5,False,0.4,0.6,1,100000000000000,3225,-0.392986046511628,-0.0211410852713179,48.7127007751938
-0.5,False,0.4,0.6,1000000,100000000000000,3225,-0.392986046511628,-0.0211410852713179,48.7127007751938
-0.5,False,0.6,0.4,1,100000000000000,3225,-0.392986046511628,-0.0211410852713179,48.7127007751938
-0.5,False,0.6,0.4,1000000,100000000000000,3225,-0.392986046511628,-0.0211410852713179,48.7127007751938
-0.5,False,0.7,0.3,1,100000000000000,3225,-0.392986046511628,-0.0211410852713179,48.7127007751938
-0.5,False,0.7,0.3,1000000,100000000000000,3225,-0.392986046511628,-0.0211410852713179,48.7127007751938
-0.5,False,0.75,0.25,1,100000000000000,3225,-0.392986046511628,-0.0211410852713179,48.7127007751938
-0.5,False,0.75,0.25,1000000,100000000000000,3225,-0.392986046511628,-0.0211410852713179,48.7127007751938
-0.5,False,0.8,0.2,1,100000000000000,3225,-0.392986046511628,-0.0211410852713179,48.7127007751938
-0.5,False,0.8,0.2,1000000,100000000000000,3225,-0.392986046511628,-0.0211410852713179,48.7127007751938
-0.5,False,0.85,0.15,1,100000000000000,3225,-0.392986046511628,-0.0211410852713179,48.7127007751938
-0.5,False,0.85,0.15,1000000,100000000000000,3225,-0.392986046511628,-0.0211410852713179,48.7127007751938
0.15,True,0.4,0.6,1,100000000000000,743,-0.0211036339165546,-0.0211036339165546,52.3556796769852
0.15,True,0.4,0.6,1000000,100000000000000,743,-0.0211036339165546,-0.0211036339165546,52.3556796769852
-0.5,False,0.95,0.05,1,100000000000000,3222,-0.39256052141527,-0.0210800744878958,48.7278739913098
-0.5,False,0.95,0.05,1000000,100000000000000,3222,-0.39256052141527,-0.0210800744878958,48.7278739913098
-0.5,False,0.9,0.1,1,100000000000000,3224,-0.392639578163772,-0.0210421836228288,48.7268703473945
-0.5,False,0.9,0.1,1000000,100000000000000,3224,-0.392639578163772,-0.0210421836228288,48.7268703473945
-0.5,False,1,0,1,100000000000000,3221,-0.39221359826141,-0.0209810617820553,48.745752871779
-0.5,False,1,0,1000000,100000000000000,3221,-0.39221359826141,-0.0209810617820553,48.745752871779
0.3,False,1,0,10000000,1000000000,35,-1.07057142857143,-0.0208571428571429,51.4297142857143
-0.5,False,0,1,1,100000000000000,3207,-0.387240411599626,-0.0207982538197693,48.7393857187403
-0.5,False,0,1,1000000,100000000000000,3207,-0.387240411599626,-0.0207982538197693,48.7393857187403
0.3,True,0.85,0.15,50000000,10000000000,18,-0.0205555555555556,-0.0205555555555556,55.5583333333333
-0.5,False,0.2,0.8,1,100000000000000,3217,-0.380714951818464,-0.0189182468138017,48.80070562636
-0.5,False,0.2,0.8,1000000,100000000000000,3217,-0.380714951818464,-0.0189182468138017,48.80070562636
0.25,False,0,1,1,100000000000000,651,-0.279170506912442,-0.0165284178187404,50.23
0.25,False,0,1,1000000,100000000000000,651,-0.279170506912442,-0.0165284178187404,50.23
0.3,False,0.75,0.25,10000000,1000000000,14,-0.916428571428572,-0.015,71.4307142857143
0.2,True,0.95,0.05,10000000,1000000000,123,-0.0144715447154472,-0.0144715447154472,52.8453658536585
0.2,True,0.4,0.6,10000000,100000000000000,489,-0.0129652351738242,-0.0129652351738242,54.3977300613497
0,False,0.7,0.3,50000000,10000000000,1464,-0.0318032786885246,-0.0115573770491803,53.0059153005465
0.35,False,0.95,0.05,10000000,1000000000,10,-2.956,-0.00900000000000001,60
0.1,False,0.6,0.4,50000000,10000000000,681,-0.334052863436123,-0.00866372980910426,56.2408223201175
0.35,False,0.4,0.6,100000000,1000000000000,80,0.294,-0.00687500000000001,58.749125
0.35,False,0.75,0.25,1,100000000000000,14,-0.282857142857143,-0.0042857142857143,57.1464285714286
0.35,False,0.75,0.25,1000000,100000000000000,14,-0.282857142857143,-0.0042857142857143,57.1464285714286
0,False,0.7,0.3,10000000,1000000000,883,-0.63356738391846,-0.00412231030577576,47.4515628539071
0.3,False,1,0,50000000,10000000000,40,1.0215,-0.0015,52.498
0.35,False,1,0,50000000,10000000000,10,0.422,-0.001,79.998
0.35,False,0.75,0.25,10000000,100000000000000,13,-0.0192307692307693,0.000769230769230761,61.5415384615385
0.35,True,0.2,0.8,1000000000,100000000000000,119,0.00521008403361342,0.00521008403361342,57.983781512605
0.25,True,0.95,0.05,1000000000,100000000000000,76,0.00539473684210527,0.00539473684210527,55.2664473684211
-1,False,0,1,10000000,100000000000000,3123,-0.283611911623439,0.00585014409221901,49.5360454691002
-1,False,0.2,0.8,10000000,100000000000000,3123,-0.283611911623439,0.00585014409221901,49.5360454691002
-1,False,0.4,0.6,10000000,100000000000000,3123,-0.283611911623439,0.00585014409221901,49.5360454691002
-1,False,0.6,0.4,10000000,100000000000000,3123,-0.283611911623439,0.00585014409221901,49.5360454691002
-1,False,0.7,0.3,10000000,100000000000000,3123,-0.283611911623439,0.00585014409221901,49.5360454691002
-1,False,0.75,0.25,10000000,100000000000000,3123,-0.283611911623439,0.00585014409221901,49.5360454691002
-1,False,0.8,0.2,10000000,100000000000000,3123,-0.283611911623439,0.00585014409221901,49.5360454691002
-1,False,0.85,0.15,10000000,100000000000000,3123,-0.283611911623439,0.00585014409221901,49.5360454691002
-1,False,0.9,0.1,10000000,100000000000000,3123,-0.283611911623439,0.00585014409221901,49.5360454691002
-1,False,0.95,0.05,10000000,100000000000000,3123,-0.283611911623439,0.00585014409221901,49.5360454691002
-1,False,1,0,10000000,100000000000000,3123,-0.283611911623439,0.00585014409221901,49.5360454691002
-0.5,False,0.4,0.6,10000000,100000000000000,3123,-0.283611911623439,0.00585014409221901,49.5360454691002
-0.5,False,0.6,0.4,10000000,100000000000000,3123,-0.283611911623439,0.00585014409221901,49.5360454691002
-0.5,False,0.7,0.3,10000000,100000000000000,3123,-0.283611911623439,0.00585014409221901,49.5360454691002
-0.5,False,0.75,0.25,10000000,100000000000000,3123,-0.283611911623439,0.00585014409221901,49.5360454691002
-0.5,False,0.8,0.2,10000000,100000000000000,3123,-0.283611911623439,0.00585014409221901,49.5360454691002
-0.5,False,0.85,0.15,10000000,100000000000000,3123,-0.283611911623439,0.00585014409221901,49.5360454691002
-0.5,False,0.9,0.1,10000000,100000000000000,3122,-0.283292761050609,0.00594811018577833,49.5532575272261
-0.5,False,0.95,0.05,10000000,100000000000000,3122,-0.283292761050609,0.00594811018577833,49.5532575272261
-0.5,False,1,0,10000000,100000000000000,3122,-0.283292761050609,0.00594811018577833,49.5532575272261
-0.5,False,0,1,10000000,100000000000000,3105,-0.274499194847021,0.00619001610305959,49.5637037037037
-0.5,False,0,1,100000000,1000000000000,2717,-0.13965034965035,0.00710710342289288,52.23001472212
-1,False,0,1,100000000,1000000000000,2732,-0.139791361639824,0.0074597364568082,52.2350402635432
-1,False,0.2,0.8,100000000,1000000000000,2732,-0.139791361639824,0.0074597364568082,52.2350402635432
-1,False,0.4,0.6,100000000,1000000000000,2732,-0.139791361639824,0.0074597364568082,52.2350402635432
-1,False,0.6,0.4,100000000,1000000000000,2732,-0.139791361639824,0.0074597364568082,52.2350402635432
-1,False,0.7,0.3,100000000,1000000000000,2732,-0.139791361639824,0.0074597364568082,52.2350402635432
-1,False,0.75,0.25,100000000,1000000000000,2732,-0.139791361639824,0.0074597364568082,52.2350402635432
-1,False,0.8,0.2,100000000,1000000000000,2732,-0.139791361639824,0.0074597364568082,52.2350402635432
-1,False,0.85,0.15,100000000,1000000000000,2732,-0.139791361639824,0.0074597364568082,52.2350402635432
-1,False,0.9,0.1,100000000,1000000000000,2732,-0.139791361639824,0.0074597364568082,52.2350402635432
-1,False,0.95,0.05,100000000,1000000000000,2732,-0.139791361639824,0.0074597364568082,52.2350402635432
-1,False,1,0,100000000,1000000000000,2732,-0.139791361639824,0.0074597364568082,52.2350402635432
-0.5,False,0.4,0.6,100000000,1000000000000,2732,-0.139791361639824,0.0074597364568082,52.2350402635432
-0.5,False,0.6,0.4,100000000,1000000000000,2732,-0.139791361639824,0.0074597364568082,52.2350402635432
-0.5,False,0.7,0.3,100000000,1000000000000,2732,-0.139791361639824,0.0074597364568082,52.2350402635432
-0.5,False,0.75,0.25,100000000,1000000000000,2732,-0.139791361639824,0.0074597364568082,52.2350402635432
-0.5,False,0.8,0.2,100000000,1000000000000,2732,-0.139791361639824,0.0074597364568082,52.2350402635432
-0.5,False,0.85,0.15,100000000,1000000000000,2732,-0.139791361639824,0.0074597364568082,52.2350402635432
-0.5,False,0.9,0.1,100000000,1000000000000,2732,-0.139791361639824,0.0074597364568082,52.2350402635432
-0.5,False,0.95,0.05,100000000,1000000000000,2732,-0.139791361639824,0.0074597364568082,52.2350402635432
-0.5,False,1,0,100000000,1000000000000,2732,-0.139791361639824,0.0074597364568082,52.2350402635432
-0.5,False,0.2,0.8,10000000,100000000000000,3115,-0.268157303370786,0.00869983948635635,49.6329470304976
0,False,0,1,1000000000,100000000000000,1425,-0.0181894736842105,0.0088280701754386,53.9640350877193
-0.5,False,0.2,0.8,100000000,1000000000000,2726,-0.129354365370506,0.00997432134996333,52.3137967718269
0.25,False,0,1,10000000,100000000000000,630,-0.177190476190476,0.0143333333333334,51.2706349206349
0.35,False,1,0,10000000,1000000000,16,-2.620625,0.01625,62.499375
0,False,0.75,0.25,10000000,1000000000,872,-0.331456422018349,0.0191743119266055,47.7048853211009
0.3,True,0.4,0.6,100000000,1000000000000,167,0.0235928143712575,0.0235928143712575,58.0859880239521
0.35,False,0.9,0.1,10000000,1000000000,9,-1.66111111111111,0.0266666666666667,66.6677777777778
0.15,False,0.6,0.4,10000000,1000000000,236,-1.14398305084746,0.029364406779661,47.4562288135593
0.1,False,0.7,0.3,10000000,1000000000,390,-0.810512820512821,0.0311025641025641,48.9745641025641
0.2,True,0,1,100000000,1000000000000,680,0.0312058823529412,0.0312058823529412,54.4147058823529
0.25,True,0.95,0.05,10000000,100000000000000,136,0.0363970588235292,0.0363970588235292,54.4089705882353
0,False,0.85,0.15,10000000,1000000000,836,-0.147200956937799,0.0377511961722488,48.088014354067
0,False,0.8,0.2,10000000,1000000000,848,-0.168254716981132,0.0412028301886792,47.9959669811321
0.1,False,0.6,0.4,10000000,1000000000,395,-0.140151898734177,0.0442025316455696,48.6063544303798
0.25,False,0.2,0.8,1,100000000000000,468,-0.418846153846154,0.0476923076923077,51.0659829059829
0.25,False,0.2,0.8,1000000,100000000000000,468,-0.418846153846154,0.0476923076923077,51.0659829059829
0.1,False,0.75,0.25,10000000,1000000000,384,-0.61515625,0.050390625,49.9984895833333
0.35,True,0.4,0.6,100000000,1000000000000,80,0.052375,0.052375,58.749125
0.35,False,0,1,1000000000,100000000000000,204,-0.0956372549019608,0.0537254901960785,57.3542156862745
0,False,0.95,0.05,10000000,1000000000,801,-0.279850187265918,0.0551560549313358,48.1903620474407
0.2,False,0.4,0.6,10000000,1000000000,199,-0.0838693467336684,0.055929648241206,45.7259798994975
0,False,0.9,0.1,10000000,1000000000,818,-0.246234718826406,0.0585085574572127,48.6567359413203
0.25,False,0.2,0.8,10000000,100000000000000,456,-0.337039473684211,0.06875,51.7555921052632
0.25,True,1,0,1,100000000000000,165,0.0698181818181817,0.0698181818181817,50.9067878787879
0.25,True,1,0,1000000,100000000000000,165,0.0698181818181817,0.0698181818181817,50.9067878787879
0.25,True,0.95,0.05,10000000,1000000000,60,0.0716666666666669,0.0716666666666669,53.3325
0.35,False,0.8,0.2,10000000,1000000000,8,-0.6075,0.07375,75.00125
0.35,False,0.85,0.15,10000000,1000000000,8,-0.6075,0.07375,75.00125
0.15,True,1,0,10000000,1000000000,230,0.0746521739130434,0.0746521739130434,53.476652173913
0.2,True,0.4,0.6,50000000,10000000000,328,0.0767682926829268,0.0767682926829268,53.0488414634146
0.1,False,0,1,1,100000000000000,1147,-0.308770706190061,0.0788840453356582,49.5213339145597
0.1,False,0,1,1000000,100000000000000,1147,-0.308770706190061,0.0788840453356582,49.5213339145597
0.35,True,1,0,1,100000000000000,28,0.0792857142857142,0.0792857142857142,53.5735714285714
0.35,True,1,0,1000000,100000000000000,28,0.0792857142857142,0.0792857142857142,53.5735714285714
0.1,False,0,1,100000000,1000000000000,990,-0.133555555555556,0.0799090909090909,53.0303333333333
0,False,1,0,10000000,1000000000,786,-0.00083969465648851,0.0859541984732824,48.7289058524173
0.15,True,0.6,0.4,1,100000000000000,649,0.0895069337442221,0.0895069337442221,54.3901694915254
0.15,True,0.6,0.4,1000000,100000000000000,649,0.0895069337442221,0.0895069337442221,54.3901694915254
0.35,False,0.7,0.3,10000000,1000000000,7,3.99142857142857,0.0914285714285714,85.7142857142857
0.25,False,0.2,0.8,100000000,1000000000000,407,-0.169164619164619,0.0936117936117937,54.0566584766585
0.35,False,0.6,0.4,10000000,1000000000,9,1.21888888888889,0.0944444444444444,66.6666666666667
0.1,False,0,1,10000000,100000000000000,1112,-0.235575539568345,0.0983902877697842,50.4484262589928
0.25,True,0.4,0.6,100000000,1000000000000,283,0.098833922261484,0.098833922261484,55.8297526501767
0.15,False,0.6,0.4,50000000,10000000000,413,-0.246731234866828,0.0988861985472155,54.476803874092
-0.5,False,0,1,1000000000,100000000000000,1692,0.076258865248227,0.099113475177305,53.6644917257683
-1,False,0,1,1000000000,100000000000000,1697,0.0724749558043606,0.0991514437242192,53.6827578078963
-1,False,0.2,0.8,1000000000,100000000000000,1697,0.0724749558043606,0.0991514437242192,53.6827578078963
-1,False,0.4,0.6,1000000000,100000000000000,1697,0.0724749558043606,0.0991514437242192,53.6827578078963
-1,False,0.6,0.4,1000000000,100000000000000,1697,0.0724749558043606,0.0991514437242192,53.6827578078963
-1,False,0.7,0.3,1000000000,100000000000000,1697,0.0724749558043606,0.0991514437242192,53.6827578078963
-1,False,0.75,0.25,1000000000,100000000000000,1697,0.0724749558043606,0.0991514437242192,53.6827578078963
-1,False,0.8,0.2,1000000000,100000000000000,1697,0.0724749558043606,0.0991514437242192,53.6827578078963
-1,False,0.85,0.15,1000000000,100000000000000,1697,0.0724749558043606,0.0991514437242192,53.6827578078963
-1,False,0.9,0.1,1000000000,100000000000000,1697,0.0724749558043606,0.0991514437242192,53.6827578078963
-1,False,0.95,0.05,1000000000,100000000000000,1697,0.0724749558043606,0.0991514437242192,53.6827578078963
-1,False,1,0,1000000000,100000000000000,1697,0.0724749558043606,0.0991514437242192,53.6827578078963
-0.5,False,0.4,0.6,1000000000,100000000000000,1697,0.0724749558043606,0.0991514437242192,53.6827578078963
-0.5,False,0.6,0.4,1000000000,100000000000000,1697,0.0724749558043606,0.0991514437242192,53.6827578078963
-0.5,False,0.7,0.3,1000000000,100000000000000,1697,0.0724749558043606,0.0991514437242192,53.6827578078963
-0.5,False,0.75,0.25,1000000000,100000000000000,1697,0.0724749558043606,0.0991514437242192,53.6827578078963
-0.5,False,0.8,0.2,1000000000,100000000000000,1697,0.0724749558043606,0.0991514437242192,53.6827578078963
-0.5,False,0.85,0.15,1000000000,100000000000000,1697,0.0724749558043606,0.0991514437242192,53.6827578078963
-0.5,False,0.9,0.1,1000000000,100000000000000,1697,0.0724749558043606,0.0991514437242192,53.6827578078963
-0.5,False,0.95,0.05,1000000000,100000000000000,1697,0.0724749558043606,0.0991514437242192,53.6827578078963
-0.5,False,1,0,1000000000,100000000000000,1697,0.0724749558043606,0.0991514437242192,53.6827578078963
0.15,False,0.75,0.25,10000000,1000000000,208,-0.663942307692308,0.0992788461538462,48.0787980769231
0.1,False,0.75,0.25,50000000,10000000000,680,-0.0172352941176471,0.101235294117647,56.1755294117647
0,True,0.4,0.6,1,100000000000000,2217,0.101691474966171,0.101691474966171,50.8772079386558
0,True,0.4,0.6,1000000,100000000000000,2217,0.101691474966171,0.101691474966171,50.8772079386558
0.25,True,0.9,0.1,1,100000000000000,130,0.102692307692308,0.102692307692308,53.0783076923077
0.25,True,0.9,0.1,1000000,100000000000000,130,0.102692307692308,0.102692307692308,53.0783076923077
-0.5,False,0.2,0.8,1000000000,100000000000000,1695,0.0790560471976401,0.104507374631268,53.7466253687316
0.1,False,1,0,10000000,1000000000,385,0.287792207792208,0.105688311688312,52.7284935064935
0.1,False,0.7,0.3,50000000,10000000000,678,-0.0778908554572271,0.106135693215339,56.3408112094395
0.1,False,0.95,0.05,10000000,1000000000,382,0.273560209424084,0.10738219895288,52.8765968586387
0.15,False,0,1,1,100000000000000,999,-0.206986986986987,0.113103103103103,48.9502302302302
0.15,False,0,1,1000000,100000000000000,999,-0.206986986986987,0.113103103103103,48.9502302302302
0.2,False,0,1,1,100000000000000,799,-0.126495619524405,0.116245306633292,50.1878473091364
0.2,False,0,1,1000000,100000000000000,799,-0.126495619524405,0.116245306633292,50.1878473091364
0.15,False,0,1,100000000,1000000000000,859,-0.0138533178114086,0.121455180442375,52.9672409778813
0.15,False,0.8,0.2,10000000,1000000000,209,-0.544066985645933,0.123397129186603,50.2373684210526
0.1,False,0.9,0.1,10000000,1000000000,383,0.317676240208877,0.125221932114883,52.2194255874674
0.25,False,0.7,0.3,50000000,10000000000,72,-0.648888888888889,0.125277777777778,58.3351388888889
0.2,True,0.6,0.4,1,100000000000000,345,0.125594202898551,0.125594202898551,55.6548695652174
0.2,True,0.6,0.4,1000000,100000000000000,345,0.125594202898551,0.125594202898551,55.6548695652174
0,False,0.8,0.2,50000000,10000000000,1416,0.369781073446328,0.127337570621469,53.6707344632768
0.2,False,0.6,0.4,10000000,1000000000,128,0.151015625,0.127890625,46.8728125
0,False,0.75,0.25,50000000,10000000000,1442,0.35372399445215,0.132163661581137,53.5355409153953
0.35,True,0.7,0.3,100000000,1000000000000,11,0.132727272727273,0.132727272727273,54.5481818181818
0.3,False,0.6,0.4,1,100000000000000,68,-1.12941176470588,0.136029411764706,58.8258823529412
0.3,False,0.6,0.4,1000000,100000000000000,68,-1.12941176470588,0.136029411764706,58.8258823529412
0.3,False,0.6,0.4,10000000,100000000000000,68,-1.12941176470588,0.136029411764706,58.8258823529412
0.15,False,0,1,10000000,100000000000000,967,-0.132140641158221,0.136597724922441,49.9476111685626
0,True,0.2,0.8,1,100000000000000,2212,0.137676311030741,0.137676311030741,50.5399683544304
0,True,0.2,0.8,1000000,100000000000000,2212,0.137676311030741,0.137676311030741,50.5399683544304
0.1,False,0.8,0.2,10000000,1000000000,389,0.90892030848329,0.140437017994859,51.1562724935733
0.2,False,0,1,10000000,100000000000000,772,-0.0391968911917099,0.14169689119171,51.2941191709845
0.25,False,0.6,0.4,1000000000,100000000000000,92,0.349021739130435,0.14195652173913,61.9578260869565
0.15,False,0.7,0.3,10000000,1000000000,220,0.547272727272727,0.142136363636364,48.6325
0.15,True,0,1,100000000,1000000000000,859,0.145692665890571,0.145692665890571,52.9672409778813
0.15,False,0.9,0.1,10000000,1000000000,223,-0.334708520179372,0.148968609865471,52.46533632287
0.2,False,0.9,0.1,50000000,10000000000,187,0.758716577540107,0.149893048128342,57.2204812834225
0.35,False,0.7,0.3,100000000,1000000000000,11,0.166363636363636,0.152727272727273,54.5481818181818
0.25,False,0,1,1000000000,100000000000000,358,0.225195530726257,0.154469273743017,57.2611731843575
0,False,0.85,0.15,50000000,10000000000,1397,0.461352899069435,0.155347172512527,53.9027201145311
0,True,0.4,0.6,10000000,100000000000000,2150,0.156837209302326,0.156837209302326,51.8112325581395
0.35,True,0.95,0.05,10000000,100000000000000,17,0.157058823529412,0.157058823529412,52.9411764705882
0.2,True,0.6,0.4,10000000,100000000000000,338,0.158934911242603,0.158934911242603,56.2118343195266
0.1,False,0.85,0.15,10000000,1000000000,379,0.920474934036939,0.15934036939314,52.2446965699209
0.2,False,0,1,100000000,1000000000000,680,0.113161764705882,0.159382352941176,54.4147058823529
0.35,False,0.7,0.3,1,100000000000000,15,0.402,0.16,66.6673333333333
0.35,False,0.7,0.3,1000000,100000000000000,15,0.402,0.16,66.6673333333333
0.35,False,0.7,0.3,10000000,100000000000000,15,0.402,0.16,66.6673333333333
0.35,False,0.75,0.25,10000000,1000000000,7,3.42714285714286,0.162857142857143,85.7142857142857
0.25,False,0.9,0.1,50000000,10000000000,71,0.80887323943662,0.164366197183099,57.7484507042254
0.1,False,0.2,0.8,1,100000000000000,1087,-0.0422723091076357,0.167184912603496,49.7694480220791
0.1,False,0.2,0.8,1000000,100000000000000,1087,-0.0422723091076357,0.167184912603496,49.7694480220791
0.25,False,0.75,0.25,50000000,10000000000,66,-0.460606060606061,0.167272727272727,57.5763636363636
0.25,False,0.2,0.8,1000000000,100000000000000,260,0.128461538461538,0.169269230769231,57.6948076923077
0.1,False,0.2,0.8,100000000,1000000000000,939,0.102598509052183,0.169318423855165,53.3524494142705
0.2,False,0.85,0.15,10000000,1000000000,104,-0.246153846153846,0.171153846153846,50.9611538461539
0.15,False,0.85,0.15,10000000,1000000000,211,-0.320284360189573,0.175876777251185,51.6569668246445
0,True,0.2,0.8,10000000,100000000000000,2141,0.17725361980383,0.17725361980383,51.5167585240542
0.1,True,0.2,0.8,100000000,1000000000000,939,0.177380191693291,0.177380191693291,53.3524494142705
0.25,True,0.9,0.1,10000000,100000000000000,122,0.182131147540984,0.182131147540984,54.9190983606557
0.1,False,0.2,0.8,10000000,100000000000000,1055,0.024436018957346,0.187526066350711,50.7116587677725
0.15,True,0.2,0.8,100000000,1000000000000,744,0.189018817204301,0.189018817204301,54.9727956989247
0,False,0.95,0.05,50000000,10000000000,1353,0.417309682187731,0.190133037694013,54.1752549889135
0.25,False,0.6,0.4,1,100000000000000,158,0.323291139240506,0.190569620253165,57.5947468354431
0.25,False,0.6,0.4,1000000,100000000000000,158,0.323291139240506,0.190569620253165,57.5947468354431
0,False,0.9,0.1,50000000,10000000000,1373,0.494996358339403,0.191930080116533,54.4088128186453
0.2,False,0.7,0.3,10000000,1000000000,107,-0.703457943925233,0.197570093457944,51.3988785046729
0.2,False,1,0,10000000,1000000000,131,0.373053435114504,0.198091603053435,55.7248854961832
0.25,True,0.8,0.2,1000000000,100000000000000,60,0.198333333333333,0.198333333333333,55.0016666666667
0.2,False,0.8,0.2,10000000,1000000000,105,-0.709904761904762,0.19847619047619,52.3792380952381
0.3,True,0.95,0.05,10000000,100000000000000,59,0.198813559322034,0.198813559322034,52.5437288135593
0.25,False,0.6,0.4,10000000,100000000000000,155,0.381032258064516,0.198903225806452,58.7073548387097
0.25,True,1,0,1000000000,100000000000000,89,0.200786516853933,0.200786516853933,52.8083146067416
0.3,True,0,1,1000000000,100000000000000,275,0.206145454545455,0.206145454545455,54.9095272727273
0.25,False,0.6,0.4,50000000,10000000000,105,0.487714285714286,0.214666666666667,59.05
0.3,False,0.4,0.6,1,100000000000000,187,-0.202780748663102,0.21716577540107,56.1508021390374
0.3,False,0.4,0.6,1000000,100000000000000,187,-0.202780748663102,0.21716577540107,56.1508021390374
0.35,False,0.7,0.3,1000000000,100000000000000,8,0.2675,0.22,50.00125
0.15,False,0.95,0.05,10000000,1000000000,223,1.80493273542601,0.224618834080718,52.9141704035875
0.25,True,1,0,10000000,100000000000000,155,0.230774193548387,0.230774193548387,52.9041290322581
0.25,True,0.75,0.25,10000000,100000000000000,110,0.235272727272727,0.235272727272727,56.362
0.2,False,0.95,0.05,10000000,1000000000,123,0.639024390243902,0.235772357723577,52.8453658536585
0.3,True,0.6,0.4,1000000000,100000000000000,41,0.236829268292683,0.236829268292683,60.9758536585366
0.1,False,0.8,0.2,50000000,10000000000,688,0.825508720930232,0.236889534883721,56.9762790697674
0.2,False,1,0,50000000,10000000000,223,0.74914798206278,0.237040358744395,58.2966816143498
0,False,1,0,50000000,10000000000,1328,0.611317771084337,0.243012048192771,54.5925978915663
0.1,False,1,0,50000000,10000000000,678,0.959675516224189,0.244749262536873,57.8173746312684
0.2,False,0.75,0.25,10000000,1000000000,105,-0.416476190476191,0.244952380952381,53.3330476190476
0.15,True,0.4,0.6,100000000,1000000000000,645,0.249395348837209,0.249395348837209,55.8157209302326
0.25,False,0.9,0.1,10000000,1000000000,55,-0.245636363636364,0.250363636363636,52.7294545454545
0.1,False,0,1,1000000000,100000000000000,678,0.143908554572271,0.250929203539823,54.4240707964602
0.2,False,0.9,0.1,10000000,1000000000,110,0.787181818181818,0.253,51.8153636363636
0.1,False,0.9,0.1,50000000,10000000000,682,0.939428152492669,0.256187683284457,58.0654252199414
0.1,False,0.85,0.15,50000000,10000000000,676,1.07797337278107,0.261331360946746,57.9882988165681
0,True,0.6,0.4,1,100000000000000,2180,0.264284403669725,0.264284403669725,51.5149128440367
0,True,0.6,0.4,1000000,100000000000000,2180,0.264284403669725,0.264284403669725,51.5149128440367
0.3,True,0.9,0.1,10000000,100000000000000,48,0.266875,0.266875,52.0841666666667
0.25,False,0.95,0.05,10000000,1000000000,60,0.481166666666667,0.267666666666667,53.3325
0.3,False,0.4,0.6,10000000,100000000000000,183,-0.0133879781420765,0.267704918032787,57.3750819672131
0.15,True,0.6,0.4,10000000,100000000000000,632,0.269034810126582,0.269034810126582,55.3822626582279
0.25,True,1,0,10000000,1000000000,66,0.269848484848485,0.269848484848485,53.0331818181818
0.15,False,1,0,10000000,1000000000,230,2.43886956521739,0.26995652173913,53.476652173913
0.25,False,1,0,10000000,1000000000,66,0.343333333333333,0.27030303030303,53.0331818181818
0.1,True,0,1,100000000,1000000000000,990,0.275010101010101,0.275010101010101,53.0303333333333
0.15,True,0.6,0.4,50000000,10000000000,413,0.281622276029056,0.281622276029056,54.476803874092
0.25,True,0.75,0.25,1,100000000000000,115,0.283652173913044,0.283652173913044,55.6524347826087
0.25,True,0.75,0.25,1000000,100000000000000,115,0.283652173913044,0.283652173913044,55.6524347826087
0.3,False,0.6,0.4,1000000000,100000000000000,41,0.384878048780488,0.284634146341463,60.9758536585366
0,True,0.6,0.4,10000000,100000000000000,2121,0.287265440829797,0.287265440829797,52.3810985384253
0.25,False,0.6,0.4,10000000,1000000000,63,-0.0257142857142858,0.287619047619048,53.9671428571429
0.35,False,0.6,0.4,1,100000000000000,20,1.1765,0.2925,60.0025
0.35,False,0.6,0.4,1000000,100000000000000,20,1.1765,0.2925,60.0025
0.35,False,0.6,0.4,10000000,100000000000000,20,1.1765,0.2925,60.0025
0.2,False,0.95,0.05,50000000,10000000000,209,0.899090909090909,0.292631578947368,57.42
0.1,False,0.95,0.05,50000000,10000000000,680,1.10023529411765,0.294397058823529,58.3842941176471
0,False,0.2,0.8,1,100000000000000,2212,0.111948462929476,0.298444846292948,50.5399683544304
0,False,0.2,0.8,1000000,100000000000000,2212,0.111948462929476,0.298444846292948,50.5399683544304
0.2,False,0.85,0.15,50000000,10000000000,175,0.891771428571429,0.308685714285714,57.7178857142857
0.25,False,0.85,0.15,10000000,1000000000,53,0.757358490566038,0.315283018867925,50.9432075471698
0.35,False,0.6,0.4,100000000,1000000000000,16,0.73875,0.31625,56.25
0.25,False,0.6,0.4,100000000,1000000000000,135,0.824962962962963,0.319481481481482,60.7423703703704
0,True,0.8,0.2,1,100000000000000,2116,0.319740075614367,0.319740075614367,52.2675708884688
0,True,0.8,0.2,1000000,100000000000000,2116,0.319740075614367,0.319740075614367,52.2675708884688
0.2,True,0.9,0.1,1,100000000000000,304,0.32141447368421,0.32141447368421,55.9227302631579
0.2,True,0.9,0.1,1000000,100000000000000,304,0.32141447368421,0.32141447368421,55.9227302631579
0.15,False,0,1,1000000000,100000000000000,585,0.244034188034188,0.321675213675214,54.7003931623932
0,False,0.4,0.6,1,100000000000000,2217,0.13637798827244,0.33170951736581,50.8772079386558
0,False,0.4,0.6,1000000,100000000000000,2217,0.13637798827244,0.33170951736581,50.8772079386558
0.2,True,0.4,0.6,1,100000000000000,500,0.33448,0.33448,53.6031
0.2,True,0.4,0.6,1000000,100000000000000,500,0.33448,0.33448,53.6031
0.2,True,1,0,10000000,1000000000,131,0.337557251908397,0.337557251908397,55.7248854961832
0.25,False,0.8,0.2,10000000,1000000000,51,0.476470588235294,0.338235294117647,52.9425490196078
0.15,False,0.2,0.8,1,100000000000000,864,0.0406712962962963,0.342731481481481,50.9270717592593
0.15,False,0.2,0.8,1000000,100000000000000,864,0.0406712962962963,0.342731481481481,50.9270717592593
0.3,True,0.7,0.3,10000000,1000000000,17,0.344117647058824,0.344117647058824,64.7064705882353
0,False,0.2,0.8,10000000,100000000000000,2141,0.245091078935077,0.34478748248482,51.5167585240542
0.3,True,0.6,0.4,100000000,1000000000000,57,0.349824561403509,0.349824561403509,59.6491228070175
0.35,True,0,1,1000000000,100000000000000,204,0.354852941176471,0.354852941176471,57.3542156862745
0.3,False,0.4,0.6,100000000,1000000000000,167,0.244131736526946,0.365508982035928,58.0859880239521
0.2,True,0.85,0.15,1,100000000000000,286,0.366293706293706,0.366293706293706,55.9398601398601
0.2,True,0.85,0.15,1000000,100000000000000,286,0.366293706293706,0.366293706293706,55.9398601398601
0.25,False,0.7,0.3,10000000,1000000000,48,-2.14041666666667,0.366458333333333,49.99875
0.25,False,0.75,0.25,10000000,1000000000,49,-0.0255102040816328,0.367755102040816,51.0212244897959
0,False,0.2,0.8,100000000,1000000000000,1881,0.322690058479532,0.370276448697501,54.1759117490697
0.25,True,0.6,0.4,1,100000000000000,158,0.371962025316456,0.371962025316456,57.5947468354431
0.25,True,0.6,0.4,1000000,100000000000000,158,0.371962025316456,0.371962025316456,57.5947468354431
0,True,0.85,0.15,1,100000000000000,2090,0.374540669856459,0.374540669856459,52.4861626794258
0,True,0.85,0.15,1000000,100000000000000,2090,0.374540669856459,0.374540669856459,52.4861626794258
0.15,False,0.2,0.8,10000000,100000000000000,840,0.129773809523809,0.375142857142857,51.9065119047619
0,True,0.4,0.6,50000000,10000000000,1486,0.376386271870794,0.376386271870794,52.3572207267833
0,False,0.4,0.6,10000000,100000000000000,2150,0.270916279069767,0.377874418604651,51.8112325581395
0.2,True,0.7,0.3,1,100000000000000,294,0.379591836734694,0.379591836734694,56.8024829931973
0.2,True,0.7,0.3,1000000,100000000000000,294,0.379591836734694,0.379591836734694,56.8024829931973
0.2,False,0.8,0.2,50000000,10000000000,177,1.05728813559322,0.380169491525424,58.7593785310734
0.15,False,0.7,0.3,50000000,10000000000,382,0.75,0.380418848167539,56.0179581151833
0.1,True,0.4,0.6,100000000,1000000000000,915,0.380775956284153,0.380775956284153,55.3003387978142
0.1,True,0.7,0.3,1,100000000000000,1068,0.381741573033708,0.381741573033708,55.1481647940075
0.1,True,0.7,0.3,1000000,100000000000000,1068,0.381741573033708,0.381741573033708,55.1481647940075
0,True,0,1,100000000,1000000000000,2328,0.381756872852234,0.381756872852234,52.3648152920962
0,True,0.7,0.3,1,100000000000000,2179,0.381932078935291,0.381932078935291,51.8099586966498
0,True,0.7,0.3,1000000,100000000000000,2179,0.381932078935291,0.381932078935291,51.8099586966498
0.2,False,0,1,1000000000,100000000000000,458,0.375589519650655,0.38353711790393,57.4260262008734
0.2,False,0.7,0.3,50000000,10000000000,177,0.955988700564972,0.385197740112994,58.7602259887006
-1,True,0,1,100000000,1000000000000,2732,0.386160322108346,0.386160322108346,52.2350402635432
-1,True,0.2,0.8,100000000,1000000000000,2732,0.386160322108346,0.386160322108346,52.2350402635432
-1,True,0.4,0.6,100000000,1000000000000,2732,0.386160322108346,0.386160322108346,52.2350402635432
-1,True,0.6,0.4,100000000,1000000000000,2732,0.386160322108346,0.386160322108346,52.2350402635432
-1,True,0.7,0.3,100000000,1000000000000,2732,0.386160322108346,0.386160322108346,52.2350402635432
-1,True,0.75,0.25,100000000,1000000000000,2732,0.386160322108346,0.386160322108346,52.2350402635432
-1,True,0.8,0.2,100000000,1000000000000,2732,0.386160322108346,0.386160322108346,52.2350402635432
-1,True,0.85,0.15,100000000,1000000000000,2732,0.386160322108346,0.386160322108346,52.2350402635432
-1,True,0.9,0.1,100000000,1000000000000,2732,0.386160322108346,0.386160322108346,52.2350402635432
-1,True,0.95,0.05,100000000,1000000000000,2732,0.386160322108346,0.386160322108346,52.2350402635432
-1,True,1,0,100000000,1000000000000,2732,0.386160322108346,0.386160322108346,52.2350402635432
-0.5,True,0.4,0.6,100000000,1000000000000,2732,0.386160322108346,0.386160322108346,52.2350402635432
-0.5,True,0.6,0.4,100000000,1000000000000,2732,0.386160322108346,0.386160322108346,52.2350402635432
-0.5,True,0.7,0.3,100000000,1000000000000,2732,0.386160322108346,0.386160322108346,52.2350402635432
-0.5,True,0.75,0.25,100000000,1000000000000,2732,0.386160322108346,0.386160322108346,52.2350402635432
-0.5,True,0.8,0.2,100000000,1000000000000,2732,0.386160322108346,0.386160322108346,52.2350402635432
-0.5,True,0.85,0.15,100000000,1000000000000,2732,0.386160322108346,0.386160322108346,52.2350402635432
-0.5,True,0.9,0.1,100000000,1000000000000,2732,0.386160322108346,0.386160322108346,52.2350402635432
-0.5,True,0.95,0.05,100000000,1000000000000,2732,0.386160322108346,0.386160322108346,52.2350402635432
-0.5,True,1,0,100000000,1000000000000,2732,0.386160322108346,0.386160322108346,52.2350402635432
0.15,False,0.2,0.8,100000000,1000000000000,744,0.278978494623656,0.388884408602151,54.9727956989247
0.2,False,0.6,0.4,50000000,10000000000,212,0.522075471698113,0.388915094339623,55.1894339622642
-0.5,True,0,1,100000000,1000000000000,2717,0.391884431358116,0.391884431358116,52.23001472212
0.2,True,0.75,0.25,1,100000000000000,280,0.392857142857143,0.392857142857143,57.1407142857143
0.2,True,0.75,0.25,1000000,100000000000000,280,0.392857142857143,0.392857142857143,57.1407142857143
0.2,True,0.6,0.4,50000000,10000000000,212,0.398301886792453,0.398301886792453,55.1894339622642
0,False,0.4,0.6,100000000,1000000000000,1897,0.349325250395361,0.40148655772272,54.4539114391144
0,True,0.7,0.3,10000000,100000000000000,2122,0.405037700282752,0.405037700282752,52.6380348727615
0,True,0.2,0.8,50000000,10000000000,1476,0.411951219512195,0.411951219512195,52.0998306233062
0.2,True,0.4,0.6,100000000,1000000000000,439,0.412050113895216,0.412050113895216,56.2625056947608
0.35,True,0.4,0.6,1000000000,100000000000000,50,0.4122,0.4122,60.001
0.2,False,0.75,0.25,50000000,10000000000,169,0.989704142011834,0.413313609467456,59.766449704142
0.2,True,0.8,0.2,1,100000000000000,288,0.4134375,0.4134375,56.5961458333333
0.2,True,0.8,0.2,1000000,100000000000000,288,0.4134375,0.4134375,56.5961458333333
0.15,True,0.7,0.3,1,100000000000000,607,0.413542009884679,0.413542009884679,55.520197693575
0.15,True,0.7,0.3,1000000,100000000000000,607,0.413542009884679,0.413542009884679,55.520197693575
0.25,False,0.4,0.6,1,100000000000000,311,-0.300771704180064,0.41395498392283,53.697652733119
0.25,False,0.4,0.6,1000000,100000000000000,311,-0.300771704180064,0.41395498392283,53.697652733119
0.3,False,0.6,0.4,100000000,1000000000000,57,0.247719298245614,0.415789473684211,59.6491228070175
-0.5,True,0.2,0.8,100000000,1000000000000,2726,0.416393983859134,0.416393983859134,52.3137967718269
0.1,False,0.2,0.8,1000000000,100000000000000,650,0.363523076923077,0.426123076923077,55.3838615384615
0.1,True,0.75,0.25,1,100000000000000,1065,0.435981220657277,0.435981220657277,55.1183943661972
0.1,True,0.75,0.25,1000000,100000000000000,1065,0.435981220657277,0.435981220657277,55.1183943661972
0.3,True,0.2,0.8,1000000000,100000000000000,196,0.436734693877551,0.436734693877551,58.1602551020408
0.25,False,0.4,0.6,10000000,100000000000000,307,-0.201889250814332,0.449218241042345,54.3989250814332
0,True,0.6,0.4,50000000,10000000000,1467,0.449965916837083,0.449965916837083,52.8265098841172
0.3,True,0.95,0.05,1,100000000000000,63,0.454285714285714,0.454285714285714,52.3773015873016
0.3,True,0.95,0.05,1000000,100000000000000,63,0.454285714285714,0.454285714285714,52.3773015873016
0.35,False,0.6,0.4,1000000000,100000000000000,11,0.786363636363636,0.456363636363636,54.5436363636364
0.15,False,1,0,50000000,10000000000,418,1.77444976076555,0.462296650717703,60.2862200956938
0,True,0.75,0.25,1,100000000000000,2151,0.463282194328219,0.463282194328219,52.2078661087866
0,True,0.75,0.25,1000000,100000000000000,2151,0.463282194328219,0.463282194328219,52.2078661087866
0.1,True,0.6,0.4,10000000,100000000000000,1047,0.465950334288443,0.465950334288443,55.9690926456543
0.15,False,0.9,0.1,50000000,10000000000,395,1.42901265822785,0.466886075949367,59.4948607594937
0,True,0.9,0.1,1,100000000000000,2051,0.467055095075573,0.467055095075573,52.9491028766455
0,True,0.9,0.1,1000000,100000000000000,2051,0.467055095075573,0.467055095075573,52.9491028766455
0.1,False,0.4,0.6,1,100000000000000,1062,0.174274952919021,0.472693032015066,51.7896233521657
0.1,False,0.4,0.6,1000000,100000000000000,1062,0.174274952919021,0.472693032015066,51.7896233521657
0,True,0.95,0.05,1,100000000000000,2013,0.473591654247392,0.473591654247392,52.9059513164431
0,True,0.95,0.05,1000000,100000000000000,2013,0.473591654247392,0.473591654247392,52.9059513164431
0.15,False,0.75,0.25,50000000,10000000000,375,1.15512,0.48128,57.0672
0.15,False,0.95,0.05,50000000,10000000000,395,1.85237974683544,0.481392405063291,60.5048860759494
0,True,0.75,0.25,10000000,100000000000000,2094,0.482607449856734,0.482607449856734,53.0539255014327
0,True,0.8,0.2,10000000,100000000000000,2060,0.48902427184466,0.48902427184466,53.1565
0.15,False,0.85,0.15,50000000,10000000000,378,1.45407407407407,0.490820105820106,59.524126984127
0.2,True,0.7,0.3,10000000,100000000000000,284,0.49443661971831,0.49443661971831,58.0982394366197
0.1,True,0,1,1000000000,100000000000000,678,0.501430678466077,0.501430678466077,54.4240707964602
0.1,False,0.4,0.6,10000000,100000000000000,1035,0.263381642512077,0.503458937198068,52.75238647343
0,False,0.6,0.4,1,100000000000000,2180,0.453733944954129,0.505559633027523,51.5149128440367
0,False,0.6,0.4,1000000,100000000000000,2180,0.453733944954129,0.505559633027523,51.5149128440367
0.3,True,0.6,0.4,50000000,10000000000,41,0.511463414634146,0.511463414634146,56.0960975609756
0.15,True,0.75,0.25,1,100000000000000,594,0.512929292929293,0.512929292929293,56.4
0.15,True,0.75,0.25,1000000,100000000000000,594,0.512929292929293,0.512929292929293,56.4
0.3,False,0.4,0.6,1000000000,100000000000000,106,0.435849056603774,0.514716981132076,63.21
0.1,False,0.4,0.6,100000000,1000000000000,915,0.378710382513661,0.523540983606557,55.3003387978142
0.15,True,0,1,1000000000,100000000000000,585,0.525401709401709,0.525401709401709,54.7003931623932
0.15,False,0.8,0.2,50000000,10000000000,376,1.61707446808511,0.525851063829787,59.5753723404255
0.1,True,0.6,0.4,1,100000000000000,1077,0.530696378830084,0.530696378830084,54.9675858867224
0.1,True,0.6,0.4,1000000,100000000000000,1077,0.530696378830084,0.530696378830084,54.9675858867224
0.35,True,0.9,0.1,1,100000000000000,17,0.541176470588236,0.541176470588236,52.9441176470588
0.35,True,0.9,0.1,1000000,100000000000000,17,0.541176470588236,0.541176470588236,52.9441176470588
0.25,False,0.4,0.6,100000000,1000000000000,283,0.112296819787986,0.545053003533569,55.8297526501767
0,False,0.6,0.4,10000000,100000000000000,2121,0.575690711928336,0.546501650165017,52.3810985384253
0.2,True,0.75,0.25,10000000,100000000000000,269,0.548104089219331,0.548104089219331,58.73843866171
0,True,0.85,0.15,10000000,100000000000000,2034,0.550029498525074,0.550029498525074,53.392581120944
0.25,True,0.6,0.4,10000000,100000000000000,155,0.550064516129032,0.550064516129032,58.7073548387097
0,True,1,0,1,100000000000000,1970,0.554203045685279,0.554203045685279,53.3511827411168
0,True,1,0,1000000,100000000000000,1970,0.554203045685279,0.554203045685279,53.3511827411168
0.2,True,0.95,0.05,1,100000000000000,331,0.558126888217523,0.558126888217523,56.1925981873112
0.2,True,0.95,0.05,1000000,100000000000000,331,0.558126888217523,0.558126888217523,56.1925981873112
0,False,0.7,0.3,1,100000000000000,2179,0.525488756310234,0.564235888022029,51.8099586966498
0,False,0.7,0.3,1000000,100000000000000,2179,0.525488756310234,0.564235888022029,51.8099586966498
0.2,True,0.8,0.2,10000000,100000000000000,277,0.564837545126354,0.564837545126354,58.1261732851986
0.3,True,0.9,0.1,1,100000000000000,52,0.565576923076923,0.565576923076923,51.9226923076923
0.3,True,0.9,0.1,1000000,100000000000000,52,0.565576923076923,0.565576923076923,51.9226923076923
0.2,True,0.9,0.1,10000000,100000000000000,291,0.567147766323024,0.567147766323024,57.7312714776632
0,True,0.7,0.3,50000000,10000000000,1464,0.568073770491803,0.568073770491803,53.0059153005465
0.1,True,0.7,0.3,10000000,100000000000000,1042,0.569462571976967,0.569462571976967,56.0466026871401
0.25,True,0.9,0.1,1000000000,100000000000000,67,0.573880597014925,0.573880597014925,56.7146268656716
0.25,True,0.2,0.8,1000000000,100000000000000,260,0.577,0.577,57.6948076923077
0.25,True,0.85,0.15,50000000,10000000000,69,0.579275362318841,0.579275362318841,53.6240579710145
0.15,True,0.7,0.3,10000000,100000000000000,592,0.580202702702703,0.580202702702703,56.5855236486487
0.15,True,0.8,0.2,1,100000000000000,595,0.58218487394958,0.58218487394958,56.975781512605
0.15,True,0.8,0.2,1000000,100000000000000,595,0.58218487394958,0.58218487394958,56.975781512605
0.2,False,0.2,0.8,1,100000000000000,655,0.302351145038168,0.590687022900763,51.4526564885496
0.2,False,0.2,0.8,1000000,100000000000000,655,0.302351145038168,0.590687022900763,51.4526564885496
0,False,0.6,0.4,100000000,1000000000000,1883,0.632931492299522,0.590727562400425,54.8597716409984
0.25,True,0,1,1000000000,100000000000000,358,0.591061452513967,0.591061452513967,57.2611731843575
0.2,True,0.85,0.15,10000000,100000000000000,274,0.591423357664234,0.591423357664234,57.6631751824818
0,False,0.7,0.3,10000000,100000000000000,2122,0.650589066918002,0.60873232799246,52.6380348727615
0,True,0.95,0.05,10000000,100000000000000,1964,0.613798370672098,0.613798370672098,53.6697708757638
0.2,False,0.2,0.8,10000000,100000000000000,638,0.375,0.623025078369906,52.1938087774295
0.3,True,0.95,0.05,10000000,1000000000,29,0.625172413793103,0.625172413793103,55.171724137931
0.1,True,0.75,0.25,10000000,100000000000000,1038,0.625269749518305,0.625269749518305,56.0670809248555
0,True,0.9,0.1,10000000,100000000000000,1998,0.627317317317317,0.627317317317317,53.8017817817818
0.3,True,0.8,0.2,10000000,1000000000,16,0.634375,0.634375,56.24875
0.35,True,0.6,0.4,1,100000000000000,20,0.6375,0.6375,60.0025
0.35,True,0.6,0.4,1000000,100000000000000,20,0.6375,0.6375,60.0025
0.35,True,0.6,0.4,10000000,100000000000000,20,0.6375,0.6375,60.0025
0.15,True,0.9,0.1,1,100000000000000,624,0.638782051282052,0.638782051282052,56.2466025641026
0.15,True,0.9,0.1,1000000,100000000000000,624,0.638782051282052,0.638782051282052,56.2466025641026
0,False,0.2,0.8,1000000000,100000000000000,1217,0.499515201314708,0.640690221857025,55.3792276088743
0.25,True,0.7,0.3,1000000000,100000000000000,68,0.643529411764706,0.643529411764706,60.2911764705882
0,False,0.7,0.3,100000000,1000000000000,1893,0.710073956682515,0.656455361859482,54.9368621236133
0.15,True,0.85,0.15,1,100000000000000,598,0.656688963210702,0.656688963210702,56.6863377926421
0.15,True,0.85,0.15,1000000,100000000000000,598,0.656688963210702,0.656688963210702,56.6863377926421
0.15,True,0.95,0.05,1,100000000000000,635,0.657259842519685,0.657259842519685,56.5350866141732
0.15,True,0.95,0.05,1000000,100000000000000,635,0.657259842519685,0.657259842519685,56.5350866141732
0.1,True,0.8,0.2,1,100000000000000,1074,0.66084729981378,0.66084729981378,55.4943482309125
0.1,True,0.8,0.2,1000000,100000000000000,1074,0.66084729981378,0.66084729981378,55.4943482309125
0.1,True,0.2,0.8,1000000000,100000000000000,650,0.663953846153846,0.663953846153846,55.3838615384615
0,False,0.75,0.25,1,100000000000000,2151,0.718354253835425,0.665755462575546,52.2078661087866
0,False,0.75,0.25,1000000,100000000000000,2151,0.718354253835425,0.665755462575546,52.2078661087866
0.3,True,0.8,0.2,50000000,10000000000,18,0.666666666666667,0.666666666666667,55.5555555555556
0.1,True,0.6,0.4,50000000,10000000000,681,0.670602055800294,0.670602055800294,56.2408223201175
0.25,True,0.95,0.05,100000000,1000000000000,110,0.677090909090909,0.677090909090909,57.276
0.15,False,0.2,0.8,1000000000,100000000000000,515,0.550058252427184,0.684660194174757,57.4759805825243
0,False,0.8,0.2,1,100000000000000,2116,0.735671077504726,0.685765595463138,52.2675708884688
0,False,0.8,0.2,1000000,100000000000000,2116,0.735671077504726,0.685765595463138,52.2675708884688
0,False,0.85,0.15,1,100000000000000,2090,0.755062200956938,0.691095693779904,52.4861626794258
0,False,0.85,0.15,1000000,100000000000000,2090,0.755062200956938,0.691095693779904,52.4861626794258
0.2,False,0.2,0.8,100000000,1000000000000,566,0.56856890459364,0.692667844522968,55.3029858657244
0,True,0.75,0.25,50000000,10000000000,1442,0.69375173370319,0.69375173370319,53.5355409153953
0,True,1,0,10000000,100000000000000,1922,0.695275754422477,0.695275754422477,54.1132466181061
0,False,0.4,0.6,1000000000,100000000000000,1228,0.536726384364821,0.69535016286645,55.7003175895765
0.15,True,0.6,0.4,100000000,1000000000000,566,0.695494699646643,0.695494699646643,56.8891166077739
0,True,0.8,0.2,50000000,10000000000,1416,0.701158192090395,0.701158192090395,53.6707344632768
0.3,True,0.9,0.1,10000000,1000000000,23,0.705652173913043,0.705652173913043,56.5230434782609
0.35,True,0.9,0.1,10000000,100000000000000,15,0.710666666666667,0.710666666666667,53.334
0.3,True,0.75,0.25,1,100000000000000,36,0.713055555555556,0.713055555555556,58.3327777777778
0.3,True,0.75,0.25,1000000,100000000000000,36,0.713055555555556,0.713055555555556,58.3327777777778
0,False,0.75,0.25,10000000,100000000000000,2094,0.850124164278892,0.713920725883477,53.0539255014327
0.2,True,1,0,1,100000000000000,361,0.724764542936288,0.724764542936288,57.0646537396122
0.2,True,1,0,1000000,100000000000000,361,0.724764542936288,0.724764542936288,57.0646537396122
0.15,True,0.75,0.25,10000000,100000000000000,577,0.730779896013865,0.730779896013865,57.7135008665511
0,False,0.8,0.2,10000000,100000000000000,2060,0.877233009708738,0.736296116504854,53.1565
0,False,0.85,0.15,10000000,100000000000000,2034,0.894139626352016,0.743387413962635,53.392581120944
0.1,True,1,0,1,100000000000000,1062,0.743521657250471,0.743521657250471,55.4590583804143
0.1,True,1,0,1000000,100000000000000,1062,0.743521657250471,0.743521657250471,55.4590583804143
0.1,True,0.7,0.3,50000000,10000000000,678,0.745811209439528,0.745811209439528,56.3408112094395
0.3,True,0.9,0.1,100000000,1000000000000,34,0.746764705882353,0.746764705882353,52.9411764705882
0,True,0,1,1000000000,100000000000000,1425,0.756133333333333,0.756133333333333,53.9640350877193
-1,True,0,1,1000000000,100000000000000,1697,0.758962875662935,0.758962875662935,53.6827578078963
-1,True,0.2,0.8,1000000000,100000000000000,1697,0.758962875662935,0.758962875662935,53.6827578078963
-1,True,0.4,0.6,1000000000,100000000000000,1697,0.758962875662935,0.758962875662935,53.6827578078963
-1,True,0.6,0.4,1000000000,100000000000000,1697,0.758962875662935,0.758962875662935,53.6827578078963
-1,True,0.7,0.3,1000000000,100000000000000,1697,0.758962875662935,0.758962875662935,53.6827578078963
-1,True,0.75,0.25,1000000000,100000000000000,1697,0.758962875662935,0.758962875662935,53.6827578078963
-1,True,0.8,0.2,1000000000,100000000000000,1697,0.758962875662935,0.758962875662935,53.6827578078963
-1,True,0.85,0.15,1000000000,100000000000000,1697,0.758962875662935,0.758962875662935,53.6827578078963
-1,True,0.9,0.1,1000000000,100000000000000,1697,0.758962875662935,0.758962875662935,53.6827578078963
-1,True,0.95,0.05,1000000000,100000000000000,1697,0.758962875662935,0.758962875662935,53.6827578078963
-1,True,1,0,1000000000,100000000000000,1697,0.758962875662935,0.758962875662935,53.6827578078963
-0.5,True,0.4,0.6,1000000000,100000000000000,1697,0.758962875662935,0.758962875662935,53.6827578078963
-0.5,True,0.6,0.4,1000000000,100000000000000,1697,0.758962875662935,0.758962875662935,53.6827578078963
-0.5,True,0.7,0.3,1000000000,100000000000000,1697,0.758962875662935,0.758962875662935,53.6827578078963
-0.5,True,0.75,0.25,1000000000,100000000000000,1697,0.758962875662935,0.758962875662935,53.6827578078963
-0.5,True,0.8,0.2,1000000000,100000000000000,1697,0.758962875662935,0.758962875662935,53.6827578078963
-0.5,True,0.85,0.15,1000000000,100000000000000,1697,0.758962875662935,0.758962875662935,53.6827578078963
-0.5,True,0.9,0.1,1000000000,100000000000000,1697,0.758962875662935,0.758962875662935,53.6827578078963
-0.5,True,0.95,0.05,1000000000,100000000000000,1697,0.758962875662935,0.758962875662935,53.6827578078963
-0.5,True,1,0,1000000000,100000000000000,1697,0.758962875662935,0.758962875662935,53.6827578078963
0.1,True,0.85,0.15,1,100000000000000,1059,0.765099150141643,0.765099150141643,56.2802360717658
0.1,True,0.85,0.15,1000000,100000000000000,1059,0.765099150141643,0.765099150141643,56.2802360717658
0,False,0.75,0.25,100000000,1000000000000,1868,0.896686295503212,0.770631691648822,55.4065685224839
0.3,True,1,0,10000000,1000000000,35,0.770857142857143,0.770857142857143,51.4297142857143
0,False,0.9,0.1,1,100000000000000,2051,0.845704534373476,0.772242808386153,52.9491028766455
0,False,0.9,0.1,1000000,100000000000000,2051,0.845704534373476,0.772242808386153,52.9491028766455
0.25,True,1,0,100000000,1000000000000,130,0.773,0.773,54.6167692307692
0,True,0.85,0.15,50000000,10000000000,1397,0.773228346456693,0.773228346456693,53.9027201145311
0,True,0.4,0.6,100000000,1000000000000,1897,0.774064312071692,0.774064312071692,54.4539114391144
-0.5,True,0,1,1000000000,100000000000000,1692,0.775916075650118,0.775916075650118,53.6644917257683
0.1,False,1,0,1,100000000000000,1062,0.681647834274953,0.777702448210923,55.4590583804143
0.1,False,1,0,1000000,100000000000000,1062,0.681647834274953,0.777702448210923,55.4590583804143
0,False,0.95,0.05,1,100000000000000,2013,0.807948335817188,0.779692001987084,52.9059513164431
0,False,0.95,0.05,1000000,100000000000000,2013,0.807948335817188,0.779692001987084,52.9059513164431
0.15,True,0.2,0.8,1000000000,100000000000000,515,0.779922330097087,0.779922330097087,57.4759805825243
-0.5,True,0.2,0.8,1000000000,100000000000000,1695,0.78847197640118,0.78847197640118,53.7466253687316
0.3,True,0.95,0.05,100000000,1000000000000,43,0.791162790697674,0.791162790697674,55.8118604651163
0.1,True,0.9,0.1,1,100000000000000,1063,0.792793979303857,0.792793979303857,56.1614205079962
0.1,True,0.9,0.1,1000000,100000000000000,1063,0.792793979303857,0.792793979303857,56.1614205079962
0,False,0.85,0.15,100000000,1000000000000,1817,0.939928453494772,0.793560814529444,55.696598789213
0,False,0.8,0.2,100000000,1000000000000,1841,0.931216730038023,0.796827810972298,55.5146116241173
0.2,True,0.95,0.05,10000000,100000000000000,318,0.798176100628931,0.798176100628931,57.86
0,True,0.2,0.8,100000000,1000000000000,1881,0.799973418394471,0.799973418394471,54.1759117490697
0.1,False,0.95,0.05,1,100000000000000,1064,0.79328947368421,0.800328947368421,56.0169830827068
0.1,False,0.95,0.05,1000000,100000000000000,1064,0.79328947368421,0.800328947368421,56.0169830827068
0.1,False,0.6,0.4,1,100000000000000,1077,0.591095636025998,0.805970287836583,54.9675858867224
0.1,False,0.6,0.4,1000000,100000000000000,1077,0.591095636025998,0.805970287836583,54.9675858867224
0.3,True,0.75,0.25,50000000,10000000000,19,0.806842105263158,0.806842105263158,57.8952631578947
0.25,False,0.4,0.6,1000000000,100000000000000,181,0.530110497237569,0.813646408839779,61.324861878453
0.1,True,0.75,0.25,50000000,10000000000,680,0.814264705882353,0.814264705882353,56.1755294117647
0.15,True,0.8,0.2,10000000,100000000000000,576,0.814965277777778,0.814965277777778,58.3360763888889
0.25,True,0.75,0.25,1000000000,100000000000000,61,0.817540983606557,0.817540983606557,60.6547540983607
0,True,0.95,0.05,50000000,10000000000,1353,0.819342202512934,0.819342202512934,54.1752549889135
0.3,True,0.75,0.25,10000000,100000000000000,35,0.820857142857143,0.820857142857143,60.0005714285714
0,False,0.9,0.1,10000000,100000000000000,1998,0.986226226226226,0.822702702702703,53.8017817817818
0.35,True,0.95,0.05,10000000,1000000000,10,0.823,0.823,60
0.1,True,0.4,0.6,1000000000,100000000000000,635,0.82340157480315,0.82340157480315,56.8530393700787
0,False,1,0,1,100000000000000,1970,0.799147208121827,0.825451776649746,53.3511827411168
0,False,1,0,1000000,100000000000000,1970,0.799147208121827,0.825451776649746,53.3511827411168
0.1,True,0.95,0.05,1,100000000000000,1064,0.826917293233083,0.826917293233083,56.0169830827068
0.1,True,0.95,0.05,1000000,100000000000000,1064,0.826917293233083,0.826917293233083,56.0169830827068
0,False,0.95,0.05,10000000,100000000000000,1964,0.945040733197556,0.831242362525458,53.6697708757638
0.1,True,0.8,0.2,10000000,100000000000000,1047,0.832884431709647,0.832884431709647,56.5441451766953
0.15,True,1,0,1,100000000000000,662,0.839697885196375,0.839697885196375,56.1920996978852
0.15,True,1,0,1000000,100000000000000,662,0.839697885196375,0.839697885196375,56.1920996978852
0,True,0.9,0.1,50000000,10000000000,1373,0.839817916970138,0.839817916970138,54.4088128186453
0.15,True,0.9,0.1,10000000,100000000000000,605,0.839933884297521,0.839933884297521,57.3528925619835
0.1,False,1,0,10000000,100000000000000,1036,1.02743243243243,0.841013513513514,56.4639961389961
0.2,True,0,1,1000000000,100000000000000,458,0.84471615720524,0.84471615720524,57.4260262008734
0.1,False,0.6,0.4,10000000,100000000000000,1047,0.692292263610315,0.848529130850048,55.9690926456543
0.25,True,0.85,0.15,100000000,1000000000000,93,0.853333333333333,0.853333333333333,56.9908602150538
0.15,True,0.95,0.05,10000000,100000000000000,616,0.854577922077922,0.854577922077922,57.6323051948052
0,True,0.6,0.4,100000000,1000000000000,1883,0.863313860860329,0.863313860860329,54.8597716409984
0.1,False,0.95,0.05,10000000,100000000000000,1039,1.11937439846006,0.87162656400385,56.9781905678537
0,False,1,0,10000000,100000000000000,1922,0.944635796045786,0.878225806451613,54.1132466181061
0.1,False,0.6,0.4,100000000,1000000000000,932,0.800343347639485,0.881952789699571,58.2600429184549
0.1,False,0.4,0.6,1000000000,100000000000000,635,0.681543307086614,0.883543307086614,56.8530393700787
0.15,True,0.7,0.3,50000000,10000000000,382,0.883874345549738,0.883874345549738,56.0179581151833
0,False,0.9,0.1,100000000,1000000000000,1785,1.03436974789916,0.884218487394958,56.1324033613445
0.15,True,0.85,0.15,10000000,100000000000000,579,0.891571675302246,0.891571675302246,58.030207253886
0.3,True,1,0,10000000,100000000000000,70,0.893142857142857,0.893142857142857,54.2872857142857
0,False,0.95,0.05,100000000,1000000000000,1755,1.01879202279202,0.895601139601139,56.0134017094017
0.1,False,1,0,100000000,1000000000000,926,1.12978401727862,0.897213822894169,59.0719114470842
0.25,True,0.95,0.05,50000000,10000000000,81,0.913827160493827,0.913827160493827,56.7927160493827
0.1,True,1,0,10000000,100000000000000,1036,0.91703667953668,0.91703667953668,56.4639961389961
0.1,False,0.95,0.05,100000000,1000000000000,936,1.1882905982906,0.918482905982906,59.2916239316239
0.3,True,0.4,0.6,1000000000,100000000000000,106,0.923207547169812,0.923207547169812,63.21
0.1,False,0.7,0.3,1,100000000000000,1068,0.541123595505618,0.924775280898876,55.1481647940075
0.1,False,0.7,0.3,1000000,100000000000000,1068,0.541123595505618,0.924775280898876,55.1481647940075
0.15,False,0.4,0.6,1,100000000000000,743,0.466150740242261,0.925827725437416,52.3556796769852
0.15,False,0.4,0.6,1000000,100000000000000,743,0.466150740242261,0.925827725437416,52.3556796769852
0,True,1,0,50000000,10000000000,1328,0.927387048192771,0.927387048192771,54.5925978915663
0.1,True,0.85,0.15,10000000,100000000000000,1033,0.940300096805421,0.940300096805421,57.3090997095837
0,False,1,0,100000000,1000000000000,1719,1.03667830133799,0.946719022687609,56.485154159395
0.2,True,1,0,10000000,100000000000000,347,0.949250720461095,0.949250720461095,58.791469740634
0.15,False,1,0,1,100000000000000,662,1.17160120845921,0.952673716012085,56.1920996978852
0.15,False,1,0,1000000,100000000000000,662,1.17160120845921,0.952673716012085,56.1920996978852
0.15,False,0.6,0.4,1,100000000000000,649,0.538197226502311,0.955916795069338,54.3901694915254
0.15,False,0.6,0.4,1000000,100000000000000,649,0.538197226502311,0.955916795069338,54.3901694915254
0.1,False,0.75,0.25,1,100000000000000,1065,0.512845070422535,0.959230046948357,55.1183943661972
0.1,False,0.75,0.25,1000000,100000000000000,1065,0.512845070422535,0.959230046948357,55.1183943661972
0.15,False,0.4,0.6,10000000,100000000000000,726,0.541694214876033,0.962355371900826,53.1687878787879
0,True,0.7,0.3,100000000,1000000000000,1893,0.964669836238774,0.964669836238774,54.9368621236133
0.2,True,0.6,0.4,100000000,1000000000000,298,0.96503355704698,0.96503355704698,59.0612751677852
0,False,0.6,0.4,1000000000,100000000000000,1224,0.770351307189543,0.967017973856209,56.2064624183007
0.1,False,0.7,0.3,10000000,100000000000000,1042,0.656785028790787,0.967533589251439,56.0466026871401
0.1,True,0.6,0.4,100000000,1000000000000,932,0.969871244635193,0.969871244635193,58.2600429184549
0.1,True,0.9,0.1,10000000,100000000000000,1037,0.97374156219865,0.97374156219865,57.1848794599807
0.15,False,0.8,0.2,1,100000000000000,595,1.08339495798319,0.979831932773109,56.975781512605
0.15,False,0.8,0.2,1000000,100000000000000,595,1.08339495798319,0.979831932773109,56.975781512605
0.1,False,0.9,0.1,1,100000000000000,1063,0.981411100658514,0.987817497648166,56.1614205079962
0.1,False,0.9,0.1,1000000,100000000000000,1063,0.981411100658514,0.987817497648166,56.1614205079962
0.1,True,0.95,0.05,10000000,100000000000000,1039,0.995062560153994,0.995062560153994,56.9781905678537
0.2,True,0.4,0.6,1000000000,100000000000000,290,0.996862068965517,0.996862068965517,60.3462413793103
0.15,False,1,0,10000000,100000000000000,643,1.33202177293935,0.999362363919129,57.2310419906687
0.2,True,0.9,0.1,1000000000,100000000000000,181,0.999834254143646,0.999834254143646,61.3242541436464
0.2,False,0.4,0.6,1,100000000000000,500,0.32582,1.00356,53.6031
0.2,False,0.4,0.6,1000000,100000000000000,500,0.32582,1.00356,53.6031
0.2,False,0.9,0.1,1,100000000000000,304,0.68125,1.00401315789474,55.9227302631579
0.2,False,0.9,0.1,1000000,100000000000000,304,0.68125,1.00401315789474,55.9227302631579
0.25,True,0.9,0.1,100000000,1000000000000,97,1.00422680412371,1.00422680412371,58.7611340206186
0.3,True,1,0,1000000000,100000000000000,35,1.00628571428571,1.00628571428571,57.1457142857143
0.25,True,0.8,0.2,50000000,10000000000,62,1.00645161290323,1.00645161290323,56.4509677419355
0.2,False,0.85,0.15,1,100000000000000,286,0.466713286713287,1.00653846153846,55.9398601398601
0.2,False,0.85,0.15,1000000,100000000000000,286,0.466713286713287,1.00653846153846,55.9398601398601
0.15,False,0.6,0.4,10000000,100000000000000,632,0.708544303797468,1.00735759493671,55.3822626582279
0.25,True,0.9,0.1,50000000,10000000000,71,1.01267605633803,1.01267605633803,57.7484507042254
0.1,False,0.7,0.3,100000000,1000000000000,934,0.851220556745182,1.01361884368308,58.0330192719486
0.2,False,0.8,0.2,1,100000000000000,288,0.350625,1.01364583333333,56.5961458333333
0.2,False,0.8,0.2,1000000,100000000000000,288,0.350625,1.01364583333333,56.5961458333333
0.15,False,0.9,0.1,1,100000000000000,624,0.990705128205128,1.0163141025641,56.2466025641026
0.15,False,0.9,0.1,1000000,100000000000000,624,0.990705128205128,1.0163141025641,56.2466025641026
0.15,False,0.95,0.05,1,100000000000000,635,1.20077165354331,1.01924409448819,56.5350866141732
0.15,False,0.95,0.05,1000000,100000000000000,635,1.20077165354331,1.01924409448819,56.5350866141732
0.3,True,1,0,1,100000000000000,75,1.02173333333333,1.02173333333333,53.3337333333333
0.3,True,1,0,1000000,100000000000000,75,1.02173333333333,1.02173333333333,53.3337333333333
0.1,False,0.85,0.15,1,100000000000000,1059,0.86247403210576,1.022313503305,56.2802360717658
0.1,False,0.85,0.15,1000000,100000000000000,1059,0.86247403210576,1.022313503305,56.2802360717658
0.15,False,0.85,0.15,1,100000000000000,598,0.991571906354515,1.0223745819398,56.6863377926421
0.15,False,0.85,0.15,1000000,100000000000000,598,0.991571906354515,1.0223745819398,56.6863377926421
0.2,True,0.2,0.8,1000000000,100000000000000,377,1.02334217506631,1.02334217506631,59.1542440318302
0.15,False,0.4,0.6,100000000,1000000000000,645,0.743612403100775,1.02652713178295,55.8157209302326
0.15,False,0.6,0.4,100000000,1000000000000,566,0.853992932862191,1.02871024734982,56.8891166077739
0.25,True,1,0,50000000,10000000000,100,1.031,1.031,53.9992
0.1,False,0.75,0.25,10000000,100000000000000,1038,0.791502890173411,1.03145472061657,56.0670809248555
0.15,False,0.8,0.2,10000000,100000000000000,576,1.23267361111111,1.03194444444444,58.3360763888889
0.1,True,0.7,0.3,100000000,1000000000000,934,1.03251605995717,1.03251605995717,58.0330192719486
0.15,True,0.4,0.6,1000000000,100000000000000,450,1.03366666666667,1.03366666666667,59.1096444444444
0.15,True,1,0,10000000,100000000000000,643,1.03609642301711,1.03609642301711,57.2310419906687
0.15,False,1,0,100000000,1000000000000,570,1.40614035087719,1.04270175438597,59.6502280701754
0.2,False,0.75,0.25,1,100000000000000,280,0.45225,1.04357142857143,57.1407142857143
0.2,False,0.75,0.25,1000000,100000000000000,280,0.45225,1.04357142857143,57.1407142857143
0.25,True,0.4,0.6,1000000000,100000000000000,181,1.04640883977901,1.04640883977901,61.324861878453
0,False,0.7,0.3,1000000000,100000000000000,1239,0.844334140435835,1.04708635996772,56.3338014527845
0.2,False,0.4,0.6,10000000,100000000000000,489,0.435419222903886,1.04713701431493,54.3977300613497
0,True,0.4,0.6,1000000000,100000000000000,1228,1.04952768729642,1.04952768729642,55.7003175895765
0,True,0.2,0.8,1000000000,100000000000000,1217,1.05310599835661,1.05310599835661,55.3792276088743
0.1,False,0.8,0.2,1,100000000000000,1074,0.875828677839851,1.0606052141527,55.4943482309125
0.1,False,0.8,0.2,1000000,100000000000000,1074,0.875828677839851,1.0606052141527,55.4943482309125
0.15,False,0.95,0.05,10000000,100000000000000,616,1.38944805194805,1.06209415584416,57.6323051948052
0.1,False,0.9,0.1,10000000,100000000000000,1037,1.33759884281581,1.06267116682739,57.1848794599807
0.15,False,0.9,0.1,10000000,100000000000000,605,1.1544132231405,1.06398347107438,57.3528925619835
0.15,False,0.85,0.15,10000000,100000000000000,579,1.16642487046632,1.06982728842832,58.030207253886
0,True,0.75,0.25,100000000,1000000000000,1868,1.07402034261242,1.07402034261242,55.4065685224839
0.25,True,0.8,0.2,100000000,1000000000000,85,1.07658823529412,1.07658823529412,58.8241176470588
0.2,False,0.85,0.15,10000000,100000000000000,274,0.847445255474453,1.07693430656934,57.6631751824818
0.15,False,0.8,0.2,100000000,1000000000000,508,1.38982283464567,1.07986220472441,61.2193307086614
0.2,False,0.8,0.2,10000000,100000000000000,277,0.705270758122744,1.08061371841155,58.1261732851986
0.2,False,0.9,0.1,10000000,100000000000000,291,1.10900343642612,1.08079037800687,57.7312714776632
0.1,False,0.75,0.25,100000000,1000000000000,931,0.992631578947368,1.08992481203008,58.1127604726101
0.1,False,0.85,0.15,10000000,100000000000000,1033,1.17507260406583,1.09748305905131,57.3090997095837
0.1,False,0.9,0.1,100000000,1000000000000,932,1.38929184549356,1.10261802575107,59.6553111587983
0.2,False,0.4,0.6,100000000,1000000000000,439,0.643621867881549,1.10293849658314,56.2625056947608
0.2,False,0.75,0.25,10000000,100000000000000,269,0.805724907063197,1.1124907063197,58.73843866171
0,True,0.8,0.2,100000000,1000000000000,1841,1.11788701792504,1.11788701792504,55.5146116241173
0.1,True,0.75,0.25,100000000,1000000000000,931,1.12184747583244,1.12184747583244,58.1127604726101
0.15,False,0.85,0.15,100000000,1000000000000,511,1.38980430528376,1.12432485322896,60.6671037181996
0.15,False,0.9,0.1,100000000,1000000000000,533,1.33609756097561,1.12440900562852,60.0399249530957
0.15,False,0.95,0.05,100000000,1000000000000,540,1.5395,1.12868518518519,60.5548518518519
0.1,False,0.8,0.2,10000000,100000000000000,1047,1.17862464183381,1.13106972301815,56.5441451766953
0.1,True,0.8,0.2,50000000,10000000000,688,1.13149709302326,1.13149709302326,56.9762790697674
0.1,False,0.85,0.15,100000000,1000000000000,929,1.28725511302476,1.13491926803014,59.5266738428418
0.3,True,0.95,0.05,50000000,10000000000,33,1.13909090909091,1.13909090909091,54.5454545454546
0.35,True,0.85,0.15,1,100000000000000,14,1.14928571428571,1.14928571428571,49.9971428571429
0.35,True,0.85,0.15,1000000,100000000000000,14,1.14928571428571,1.14928571428571,49.9971428571429
0.15,False,0.7,0.3,1,100000000000000,607,1.08186161449753,1.15439868204283,55.520197693575
0.15,False,0.7,0.3,1000000,100000000000000,607,1.08186161449753,1.15439868204283,55.520197693575
0.25,False,1,0,1,100000000000000,165,0.318848484848485,1.15981818181818,50.9067878787879
0.25,False,1,0,1000000,100000000000000,165,0.318848484848485,1.15981818181818,50.9067878787879
0.25,False,0.95,0.05,1,100000000000000,146,0.14972602739726,1.16205479452055,52.0564383561644
0.25,False,0.95,0.05,1000000,100000000000000,146,0.14972602739726,1.16205479452055,52.0564383561644
0.1,False,0.8,0.2,100000000,1000000000000,942,1.29875796178344,1.1744161358811,58.5996284501062
0,True,0.85,0.15,100000000,1000000000000,1817,1.17471656576775,1.17471656576775,55.696598789213
0.2,False,0.2,0.8,1000000000,100000000000000,377,0.923527851458886,1.17909814323607,59.1542440318302
0.15,True,0.7,0.3,100000000,1000000000000,524,1.1838358778626,1.1838358778626,58.5863358778626
0,True,0.6,0.4,1000000000,100000000000000,1224,1.19436274509804,1.19436274509804,56.2064624183007
0.35,True,0.8,0.2,1,100000000000000,15,1.196,1.196,53.3333333333333
0.35,True,0.8,0.2,1000000,100000000000000,15,1.196,1.196,53.3333333333333
0.15,False,0.7,0.3,10000000,100000000000000,592,1.22864864864865,1.19966216216216,56.5855236486487
0,False,0.75,0.25,1000000000,100000000000000,1222,1.00045008183306,1.2059410801964,56.8711374795417
0.2,False,1,0,1,100000000000000,361,0.402382271468144,1.20711911357341,57.0646537396122
0.2,False,1,0,1000000,100000000000000,361,0.402382271468144,1.20711911357341,57.0646537396122
0.2,True,0.9,0.1,50000000,10000000000,187,1.21096256684492,1.21096256684492,57.2204812834225
0,False,0.8,0.2,1000000000,100000000000000,1212,1.00780528052805,1.22236798679868,56.7680445544554
0.15,True,0.6,0.4,1000000000,100000000000000,396,1.22767676767677,1.22767676767677,60.1024242424242
0,False,0.85,0.15,1000000000,100000000000000,1198,1.02570116861436,1.2321285475793,57.0958514190317
0.2,False,0.95,0.05,1,100000000000000,331,0.35833836858006,1.23942598187311,56.1925981873112
0.2,False,0.95,0.05,1000000,100000000000000,331,0.35833836858006,1.23942598187311,56.1925981873112
0.15,True,0.75,0.25,50000000,10000000000,375,1.23976,1.23976,57.0672
0,True,0.7,0.3,1000000000,100000000000000,1239,1.24676351896691,1.24676351896691,56.3338014527845
0,True,0.95,0.05,100000000,1000000000000,1755,1.25580056980057,1.25580056980057,56.0134017094017
0.2,True,0.9,0.1,100000000,1000000000000,250,1.2568,1.2568,60.0004
0,True,0.9,0.1,100000000,1000000000000,1785,1.26142857142857,1.26142857142857,56.1324033613445
0.2,False,1,0,10000000,100000000000000,347,0.738731988472623,1.27835734870317,58.791469740634
0.1,False,1,0,1000000000,100000000000000,651,1.18468509984639,1.28350230414747,58.6791705069124
0.15,False,0.75,0.25,1,100000000000000,594,1.23200336700337,1.28375420875421,56.4
0.15,False,0.75,0.25,1000000,100000000000000,594,1.23200336700337,1.28375420875421,56.4
0.25,False,1,0,10000000,100000000000000,155,1.06761290322581,1.2838064516129,52.9041290322581
0.2,False,0.9,0.1,100000000,1000000000000,250,1.42324,1.28936,60.0004
0.2,False,0.85,0.15,100000000,1000000000000,234,1.22183760683761,1.29790598290598,59.8305555555556
0.25,True,0.6,0.4,1000000000,100000000000000,92,1.29934782608696,1.29934782608696,61.9578260869565
0.2,False,0.8,0.2,100000000,1000000000000,240,1.25425,1.299625,60.836
0.25,False,0.95,0.05,10000000,100000000000000,136,0.997794117647059,1.3025,54.4089705882353
0.15,False,0.7,0.3,100000000,1000000000000,524,1.42501908396947,1.30440839694657,58.5863358778626
0.2,True,0.95,0.05,1000000000,100000000000000,195,1.3108717948718,1.3108717948718,61.0241538461538
0.2,False,0.95,0.05,10000000,100000000000000,318,0.714402515723271,1.31440251572327,57.86
0.1,False,0.95,0.05,1000000000,100000000000000,657,1.22512937595129,1.31500761035008,59.3583866057839
0.1,True,0.85,0.15,50000000,10000000000,676,1.32096153846154,1.32096153846154,57.9882988165681
0.2,True,1,0,1000000000,100000000000000,216,1.32157407407407,1.32157407407407,60.6492592592593
0.2,True,0.85,0.15,100000000,1000000000000,234,1.32367521367521,1.32367521367521,59.8305555555556
0.1,True,0.9,0.1,50000000,10000000000,682,1.32598240469208,1.32598240469208,58.0654252199414
0.2,True,0.95,0.05,100000000,1000000000000,276,1.32641304347826,1.32641304347826,59.7814855072464
0.2,True,0.7,0.3,50000000,10000000000,177,1.32802259887006,1.32802259887006,58.7602259887006
0.1,True,0.8,0.2,100000000,1000000000000,942,1.32807855626327,1.32807855626327,58.5996284501062
0.2,False,0.7,0.3,1,100000000000000,294,1.02721088435374,1.33142857142857,56.8024829931973
0.2,False,0.7,0.3,1000000,100000000000000,294,1.02721088435374,1.33142857142857,56.8024829931973
0.1,False,0.6,0.4,1000000000,100000000000000,652,1.01674846625767,1.33203987730061,60.4279141104294
0.15,False,0.75,0.25,10000000,100000000000000,577,1.39417677642981,1.33511265164645,57.7135008665511
0.2,True,0.85,0.15,1000000000,100000000000000,170,1.33641176470588,1.33641176470588,61.7602941176471
0.2,False,0.75,0.25,100000000,1000000000000,233,1.34403433476395,1.33785407725322,61.8031330472103
0.2,True,0.85,0.15,50000000,10000000000,175,1.34194285714286,1.34194285714286,57.7178857142857
0,False,0.9,0.1,1000000000,100000000000000,1180,1.12672033898305,1.35061016949153,57.3761694915254
0,True,1,0,100000000,1000000000000,1719,1.35853984874927,1.35853984874927,56.485154159395
0,False,0.95,0.05,1000000000,100000000000000,1163,1.12091143594153,1.35957007738607,57.4361392949269
0.15,True,0.75,0.25,100000000,1000000000000,510,1.3748431372549,1.3748431372549,59.999568627451
0.2,True,0.8,0.2,1000000000,100000000000000,172,1.37622093023256,1.37622093023256,61.6274418604651
0,True,0.75,0.25,1000000000,100000000000000,1222,1.37759410801964,1.37759410801964,56.8711374795417
0,True,0.8,0.2,1000000000,100000000000000,1212,1.38140264026403,1.38140264026403,56.7680445544554
0.1,True,1,0,50000000,10000000000,678,1.38174041297935,1.38174041297935,57.8173746312684
0.1,True,0.6,0.4,1000000000,100000000000000,652,1.38193251533742,1.38193251533742,60.4279141104294
0.2,False,0.7,0.3,10000000,100000000000000,284,1.16457746478873,1.38556338028169,58.0982394366197
0.3,True,1,0,100000000,1000000000000,53,1.38698113207547,1.38698113207547,56.6018867924528
0.1,True,0.75,0.25,1000000000,100000000000000,654,1.39477064220183,1.39477064220183,59.6327217125382
0.15,False,1,0,1000000000,100000000000000,413,1.24230024213075,1.39849878934625,59.3253995157385
0.2,False,1,0,100000000,1000000000000,303,1.05468646864686,1.41485148514851,60.7285478547855
0.2,True,0.95,0.05,50000000,10000000000,209,1.41961722488038,1.41961722488038,57.42
0.25,True,0.75,0.25,100000000,1000000000000,88,1.42113636363636,1.42113636363636,60.2240909090909
0.15,False,0.75,0.25,100000000,1000000000000,510,1.58709803921569,1.42296078431373,59.999568627451
0,False,1,0,1000000000,100000000000000,1136,1.15536091549296,1.4249823943662,57.8348767605634
0,True,0.85,0.15,1000000000,100000000000000,1198,1.43944908180301,1.43944908180301,57.0958514190317
0.1,True,0.95,0.05,50000000,10000000000,680,1.444,1.444,58.3842941176471
0.1,True,0.7,0.3,1000000000,100000000000000,652,1.45383435582822,1.45383435582822,60.273972392638
0.25,True,0.7,0.3,100000000,1000000000000,96,1.4675,1.4675,60.4147916666667
0.2,True,0.6,0.4,1000000000,100000000000000,210,1.46790476190476,1.46790476190476,61.9088571428572
0.25,True,0.6,0.4,100000000,1000000000000,135,1.46859259259259,1.46859259259259,60.7423703703704
0.1,True,0.85,0.15,100000000,1000000000000,929,1.47006458557589,1.47006458557589,59.5266738428418
0.2,True,0.75,0.25,1000000000,100000000000000,164,1.47286585365854,1.47286585365854,62.1990853658537
0.35,True,0.85,0.15,10000000,100000000000000,13,1.47692307692308,1.47692307692308,53.8438461538462
0.2,True,0.8,0.2,100000000,1000000000000,240,1.480375,1.480375,60.836
0,True,0.95,0.05,1000000000,100000000000000,1163,1.4813671539123,1.4813671539123,57.4361392949269
0.2,True,0.7,0.3,100000000,1000000000000,247,1.49356275303644,1.49356275303644,61.5357489878543
0,True,0.9,0.1,1000000000,100000000000000,1180,1.49584745762712,1.49584745762712,57.3761694915254
0.25,True,0.75,0.25,50000000,10000000000,66,1.50242424242424,1.50242424242424,57.5763636363636
0.2,True,0.75,0.25,100000000,1000000000000,233,1.50334763948498,1.50334763948498,61.8031330472103
0.35,True,0.8,0.2,10000000,100000000000000,14,1.50357142857143,1.50357142857143,57.1435714285714
0.1,True,0.8,0.2,1000000000,100000000000000,658,1.51296352583587,1.51296352583587,59.7289817629179
0.3,True,1,0,50000000,10000000000,40,1.5175,1.5175,52.498
0.35,True,0.6,0.4,10000000,1000000000,9,1.52111111111111,1.52111111111111,66.6666666666667
0.15,True,0.7,0.3,1000000000,100000000000000,372,1.52155913978495,1.52155913978495,61.2895698924731
0.2,True,1,0,100000000,1000000000000,303,1.52224422442244,1.52224422442244,60.7285478547855
0.1,False,0.7,0.3,1000000000,100000000000000,652,1.19383435582822,1.52529141104294,60.273972392638
0.2,True,0.8,0.2,50000000,10000000000,177,1.53610169491525,1.53610169491525,58.7593785310734
0.15,False,0.95,0.05,1000000000,100000000000000,393,1.33,1.53770992366412,60.3086513994911
0.25,False,1,0,100000000,1000000000000,130,1.31930769230769,1.53884615384615,54.6167692307692
0.2,False,0.95,0.05,100000000,1000000000000,276,1.16413043478261,1.53898550724638,59.7814855072464
0.2,True,0.7,0.3,1000000000,100000000000000,177,1.54118644067797,1.54118644067797,62.1500564971751
0.15,False,0.8,0.2,1000000000,100000000000000,367,1.35904632152589,1.54547683923706,62.9446321525886
0.1,True,1,0,100000000,1000000000000,926,1.54605831533477,1.54605831533477,59.0719114470842
0.1,True,0.95,0.05,100000000,1000000000000,936,1.5517094017094,1.5517094017094,59.2916239316239
0.1,True,0.9,0.1,100000000,1000000000000,932,1.55173819742489,1.55173819742489,59.6553111587983
0.15,True,0.8,0.2,100000000,1000000000000,508,1.55364173228346,1.55364173228346,61.2193307086614
0.1,True,1,0,1000000000,100000000000000,651,1.56115207373272,1.56115207373272,58.6791705069124
0.15,True,1,0,1000000000,100000000000000,413,1.56290556900726,1.56290556900726,59.3253995157385
0.15,True,0.8,0.2,50000000,10000000000,376,1.56351063829787,1.56351063829787,59.5753723404255
0,True,1,0,1000000000,100000000000000,1136,1.57174295774648,1.57174295774648,57.8348767605634
0.2,True,0.75,0.25,50000000,10000000000,169,1.57254437869822,1.57254437869822,59.766449704142
0.15,True,0.9,0.1,100000000,1000000000000,533,1.57720450281426,1.57720450281426,60.0399249530957
0.15,False,0.85,0.15,1000000000,100000000000000,368,1.36997282608696,1.58285326086957,61.6879891304348
0.2,False,0.9,0.1,1000000000,100000000000000,181,1.20988950276243,1.58546961325967,61.3242541436464
0.1,True,0.85,0.15,1000000000,100000000000000,654,1.58934250764526,1.58934250764526,60.2448165137615
0.15,False,0.6,0.4,1000000000,100000000000000,396,1.19515151515152,1.59030303030303,60.1024242424242
0.15,False,0.9,0.1,1000000000,100000000000000,382,1.37356020942408,1.59759162303665,60.2121204188482
0.1,False,0.75,0.25,1000000000,100000000000000,654,1.30305810397554,1.61128440366973,59.6327217125382
0.1,False,0.9,0.1,1000000000,100000000000000,654,1.45012232415902,1.6117125382263,60.0929663608563
0.25,False,0.95,0.05,100000000,1000000000000,110,1.28363636363636,1.61618181818182,57.276
0.15,True,0.85,0.15,100000000,1000000000000,511,1.61900195694716,1.61900195694716,60.6671037181996
0.2,False,0.8,0.2,1000000000,100000000000000,172,1.14831395348837,1.62069767441861,61.6274418604651
0.2,False,0.6,0.4,1,100000000000000,345,1.11263768115942,1.62072463768116,55.6548695652174
0.2,False,0.6,0.4,1000000,100000000000000,345,1.11263768115942,1.62072463768116,55.6548695652174
0.15,True,0.95,0.05,1000000000,100000000000000,393,1.62882951653944,1.62882951653944,60.3086513994911
0.2,False,0.85,0.15,1000000000,100000000000000,170,1.13964705882353,1.63005882352941,61.7602941176471
0.1,False,0.85,0.15,1000000000,100000000000000,654,1.40282874617737,1.63697247706422,60.2448165137615
0.2,False,0.7,0.3,100000000,1000000000000,247,1.73635627530364,1.63753036437247,61.5357489878543
0.1,True,0.95,0.05,1000000000,100000000000000,657,1.63802130898021,1.63802130898021,59.3583866057839
0.15,False,0.4,0.6,1000000000,100000000000000,450,1.16231111111111,1.64188888888889,59.1096444444444
0.15,True,0.9,0.1,1000000000,100000000000000,382,1.64570680628272,1.64570680628272,60.2121204188482
0.15,True,0.95,0.05,100000000,1000000000000,540,1.64825925925926,1.64825925925926,60.5548518518519
0.15,True,0.9,0.1,50000000,10000000000,395,1.65858227848101,1.65858227848101,59.4948607594937
0.2,False,0.6,0.4,10000000,100000000000000,338,1.18485207100592,1.66307692307692,56.2118343195266
0.25,True,0.6,0.4,50000000,10000000000,105,1.66619047619048,1.66619047619048,59.05
0.2,False,0.75,0.25,1000000000,100000000000000,164,1.17664634146341,1.66682926829268,62.1990853658537
0.15,True,1,0,100000000,1000000000000,570,1.667,1.667,59.6502280701754
0.25,True,0.7,0.3,50000000,10000000000,72,1.67611111111111,1.67611111111111,58.3351388888889
0.1,True,0.9,0.1,1000000000,100000000000000,654,1.69206422018349,1.69206422018349,60.0929663608563
0.1,False,0.8,0.2,1000000000,100000000000000,658,1.45860182370821,1.71957446808511,59.7289817629179
0.2,False,0.4,0.6,1000000000,100000000000000,290,1.039,1.72510344827586,60.3462413793103
0.15,True,0.85,0.15,50000000,10000000000,378,1.72978835978836,1.72978835978836,59.524126984127
0.2,True,1,0,50000000,10000000000,223,1.7409865470852,1.7409865470852,58.2966816143498
0.25,False,0.85,0.15,1,100000000000000,125,0.36504,1.79096,52.00256
0.25,False,0.85,0.15,1000000,100000000000000,125,0.36504,1.79096,52.00256
0.15,True,0.95,0.05,50000000,10000000000,395,1.79959493670886,1.79959493670886,60.5048860759494
0.15,True,0.85,0.15,1000000000,100000000000000,368,1.81804347826087,1.81804347826087,61.6879891304348
0.15,False,0.7,0.3,1000000000,100000000000000,372,1.45118279569892,1.82376344086021,61.2895698924731
0.15,True,0.75,0.25,1000000000,100000000000000,369,1.83590785907859,1.83590785907859,63.1452845528455
0.15,True,1,0,50000000,10000000000,418,1.83856459330144,1.83856459330144,60.2862200956938
0.15,True,0.8,0.2,1000000000,100000000000000,367,1.87400544959128,1.87400544959128,62.9446321525886
0.25,False,0.9,0.1,1,100000000000000,130,1.57130769230769,1.88592307692308,53.0783076923077
0.25,False,0.9,0.1,1000000,100000000000000,130,1.57130769230769,1.88592307692308,53.0783076923077
0.25,False,0.85,0.15,10000000,100000000000000,119,0.547058823529412,1.88613445378151,52.9412605042017
0.2,False,1,0,1000000000,100000000000000,216,1.24157407407407,1.93490740740741,60.6492592592593
0.2,False,0.6,0.4,100000000,1000000000000,298,1.59865771812081,1.93741610738255,59.0612751677852
0.25,False,0.8,0.2,1,100000000000000,116,0.323448275862069,1.98060344827586,53.4499137931035
0.25,False,0.8,0.2,1000000,100000000000000,116,0.323448275862069,1.98060344827586,53.4499137931035
0.2,False,0.95,0.05,1000000000,100000000000000,195,1.20476923076923,1.9994358974359,61.0241538461538
0.3,True,0.9,0.1,50000000,10000000000,24,2.00041666666667,2.00041666666667,58.3308333333333
0.25,False,0.9,0.1,10000000,100000000000000,122,1.87377049180328,2.01360655737705,54.9190983606557
0.35,True,0.6,0.4,50000000,10000000000,12,2.02166666666667,2.02166666666667,58.3333333333333
0.25,False,0.7,0.3,1,100000000000000,120,-0.1825,2.0255,54.9975
0.25,False,0.7,0.3,1000000,100000000000000,120,-0.1825,2.0255,54.9975
0.25,False,1,0,1000000000,100000000000000,89,1.24719101123596,2.02898876404494,52.8083146067416
0.15,False,0.75,0.25,1000000000,100000000000000,369,1.65653116531165,2.03479674796748,63.1452845528455
0.25,False,0.8,0.2,10000000,100000000000000,111,0.481351351351352,2.0745045045045,54.0563963963964
0.25,False,0.7,0.3,10000000,100000000000000,116,0.0277586206896548,2.1076724137931,56.033275862069
0.2,False,0.7,0.3,1000000000,100000000000000,177,1.58327683615819,2.10943502824859,62.1500564971751
0.25,False,0.95,0.05,1000000000,100000000000000,76,1.26144736842105,2.11842105263158,55.2664473684211
0.25,False,0.75,0.25,1,100000000000000,115,0.512086956521739,2.17626086956522,55.6524347826087
0.25,False,0.75,0.25,1000000,100000000000000,115,0.512086956521739,2.17626086956522,55.6524347826087
0.35,True,0.9,0.1,10000000,1000000000,9,2.24444444444444,2.24444444444444,66.6677777777778
0.25,False,0.75,0.25,10000000,100000000000000,110,0.692272727272728,2.27972727272727,56.362
0.35,True,0.75,0.25,1,100000000000000,14,2.385,2.385,57.1464285714286
0.35,True,0.75,0.25,1000000,100000000000000,14,2.385,2.385,57.1464285714286
0.25,False,0.85,0.15,100000000,1000000000000,93,1.60376344086022,2.54720430107527,56.9908602150538
0.25,False,0.9,0.1,100.000.000,1000000000000,97,2.32639175257732,2.5480412371134,58.7611340206186
0.2,False,0.6,0.4,1000000000,100000000000000,210,1.6717619047619,2.59433333333333,61.9088571428572
0.25,False,0.7,0.3,100000000,1000000000000,96,1.539375,2.71770833333333,60.4147916666667
0.35,True,0.75,0.25,10000000,100000000000000,13,2.80692307692308,2.80692307692308,61.5415384615385
0.3,True,0.75,0.25,10000000,1000000000,14,2.82642857142857,2.82642857142857,71.4307142857143
0.25,False,0.8,0.2,100000000,1000000000000,85,1.66764705882353,2.85541176470588,58.8241176470588
0.35,True,0.7,0.3,1,100000000000000,15,2.96133333333333,2.96133333333333,66.6673333333333
0.35,True,0.7,0.3,1000000,100000000000000,15,2.96133333333333,2.96133333333333,66.6673333333333
0.35,True,0.7,0.3,10000000,100000000000000,15,2.96133333333333,2.96133333333333,66.6673333333333
0.25,False,0.75,0.25,100000000,1000000000000,88,1.81113636363636,2.99863636363636,60.2240909090909
0.3,False,1,0,1,100000000000000,75,2.14946666666667,3.06906666666667,53.3337333333333
0.3,False,1,0,1000000,100000000000000,75,2.14946666666667,3.06906666666667,53.3337333333333
0.35,True,0.75,0.25,50000000,10000000000,7,3.11,3.11,57.1428571428571
0.25,False,0.85,0.15,1000000000,100000000000000,66,1.53530303030303,3.14424242424242,54.545
0.35,True,1,0,50000000,10000000000,10,3.146,3.146,79.998
0.3,False,1,0,10000000,100000000000000,70,2.23428571428572,3.28985714285714,54.2872857142857
0.25,False,0.7,0.3,1000000000,100000000000000,68,1.47455882352941,3.34117647058824,60.2911764705882
0.25,False,0.9,0.1,1000000000,100000000000000,67,2.26970149253731,3.46507462686567,56.7146268656716
0.35,True,0.7,0.3,50000000,10000000000,8,3.4925,3.4925,62.5
0.25,False,0.8,0.2,1000000000,100000000000000,60,1.52733333333333,3.54933333333333,55.0016666666667
0.35,True,0.8,0.2,10000000,1000000000,8,3.78625,3.78625,75.00125
0.35,True,0.85,0.15,10000000,1000000000,8,3.78625,3.78625,75.00125
0.25,False,0.75,0.25,1000000000,100000000000000,61,1.69475409836066,3.82229508196721,60.6547540983607
0.35,True,0.9,0.1,50000000,10000000000,7,3.94285714285714,3.94285714285714,71.4314285714286
0.35,True,0.8,0.2,50000000,10000000000,6,4.34833333333333,4.34833333333333,66.6666666666667
0.35,True,0.85,0.15,50000000,10000000000,6,4.34833333333333,4.34833333333333,66.6666666666667
0.3,False,1,0,100000000,1000000000000,53,3.33283018867925,4.3622641509434,56.6018867924528
0.35,True,0.95,0.05,50000000,10000000000,6,5.29,5.29,83.3333333333333
0.35,True,0.75,0.25,10000000,1000000000,7,6.20571428571429,6.20571428571429,85.7142857142857
0.3,False,1,0,1000000000,100000000000000,35,3.18628571428571,6.60685714285714,57.1457142857143
0.35,True,0.7,0.3,10000000,1000000000,7,6.89142857142857,6.89142857142857,85.7142857142857
